customer_id,first_name,last_name,address,apartment,city,postal_code,state_province,country,phone
1,Jesse,Ryan,756 Pierstorff Alley,,San Francisco,94154,CA,US,1-(415)538-9897
2,Mark,Torres,0 6th Alley,,Winston Salem,27116,NC,US,1-(336)760-4862
3,Ryan,Lawrence,68 Parkside Crossing,,El Paso,88519,TX,US,1-(915)170-2681
4,Maria,Watson,89 School Place,,Pasadena,77505,TX,US,1-(281)923-4113
5,Theresa,Clark,457 Morningstar Alley,,Austin,78744,TX,US,1-(361)423-5703
6,Maria,Nguyen,9069 Debra Center,6,Buffalo,14263,NY,US,1-(716)603-9265
7,Kenneth,Martinez,46 Cordelia Junction,,Fort Worth,76198,TX,US,1-(682)725-8355
8,Julie,Evans,765 Vidon Crossing,,New York City,10024,NY,US,1-(646)383-4622
9,Lisa,Scott,82 Menomonie Point,3,Springfield,65810,MO,US,1-(417)481-7809
10,Ronald,Howell,49445 Briar Crest Court,,Washington,20404,DC,US,1-(202)139-8641
11,Julie,Mendoza,6 Hovde Avenue,,Seattle,98133,WA,US,1-(425)151-2467
12,Sarah,Murray,0 Fulton Terrace,,Gaithersburg,20883,MD,US,1-(240)195-6902
13,Robin,Kelly,32451 Oneill Alley,4,Glendale,91205,CA,US,1-(323)239-5878
14,Helen,Parker,6898 Hanson Alley,67188,Minneapolis,55402,MN,US,1-(952)343-9582
15,Juan,Greene,1 Bobwhite Hill,,Colorado Springs,80915,CO,US,1-(719)246-4361
16,Lori,Gilbert,564 Roth Parkway,8920,Jamaica,11480,NY,US,1-(917)506-3232
17,Karen,Clark,738 Thackeray Parkway,,Warren,44485,OH,US,1-(330)102-1329
18,Carol,Olson,0 Nova Trail,,San Luis Obispo,93407,CA,US,1-(805)276-4833
19,Diana,Lee,547 Rockefeller Street,,Orlando,32825,FL,US,1-(321)905-9045
20,Charles,Bennett,2398 Menomonie Center,,Brooklyn,11225,NY,US,1-(718)210-9078
21,Paul,Pierce,7 Armistice Point,,Washington,20299,DC,US,1-(202)121-6552
22,Kenneth,Hunter,17 Northfield Drive,,San Diego,92115,CA,US,1-(619)486-9609
23,Julia,Thompson,3 Forster Park,,Seattle,98121,WA,US,1-(206)868-2040
24,Frank,Andrews,2 East Lane,03537,Mansfield,44905,OH,US,1-(419)216-5587
25,Benjamin,Collins,72438 Jackson Trail,,Spokane,99215,WA,US,1-(509)227-2139
26,Joan,Hayes,99028 Fuller Crossing,,Wilkes Barre,18768,PA,US,1-(570)478-5243
27,Karen,Peters,0 Waxwing Pass,3,Suffolk,23436,VA,US,1-(757)622-4324
28,Kenneth,Taylor,71 Fisk Street,,Birmingham,35254,AL,US,1-(205)159-2753
29,Alice,Little,11 Onsgard Parkway,,North Little Rock,72118,AR,US,1-(501)917-5773
30,Lawrence,Wood,5094 Barby Crossing,,Washington,20520,DC,US,1-(202)686-4938
31,Jason,Simpson,982 Bartelt Court,,Raleigh,27615,NC,US,1-(919)472-6177
32,Diane,Mendoza,81 Wayridge Alley,,Washington,20392,DC,US,1-(202)972-0894
33,Melissa,Rogers,4 Cody Hill,51,Pittsburgh,15250,PA,US,1-(412)112-9798
34,James,Wheeler,56 Truax Drive,100,Orange,92867,CA,US,1-(949)875-5545
35,Christine,Carter,839 Mallard Park,,Richmond,23237,VA,US,1-(804)806-2001
36,Christine,Washington,376 Harbort Pass,,Bakersfield,93399,CA,US,1-(661)482-3124
37,Mark,Stanley,105 Truax Lane,,Richmond,23277,VA,US,1-(804)649-8465
38,Frank,Hughes,3 Arkansas Pass,86,Long Beach,90810,CA,US,1-(323)838-2864
39,Denise,Hall,35 Bultman Hill,,Fort Worth,76162,TX,US,1-(682)275-8713
40,Kevin,Wagner,55 Melody Lane,180,Boston,02208,MA,US,1-(617)836-1203
41,Ralph,Coleman,9263 Maple Wood Park,,Chicago,60691,IL,US,1-(312)905-6444
42,George,Nguyen,613 Sachtjen Hill,,San Francisco,94137,CA,US,1-(415)752-3177
43,Ryan,Carter,368 Dakota Circle,,Las Vegas,89105,NV,US,1-(702)425-2352
44,Robert,Long,220 Scott Point,,Jacksonville,32215,FL,US,1-(904)490-8125
45,Christina,Reyes,206 Rockefeller Court,,Naples,34108,FL,US,1-(239)830-6229
46,Teresa,Gilbert,05659 Chinook Drive,,Santa Cruz,95064,CA,US,1-(831)951-1106
47,Debra,Romero,3 Linden Hill,,Oakland,94627,CA,US,1-(510)688-1174
48,Melissa,Simpson,504 Green Ridge Pass,,Buffalo,14205,NY,US,1-(716)717-7363
49,Henry,Kennedy,67 Old Gate Way,6180,Humble,77346,TX,US,1-(281)907-8902
50,Steven,Green,45 Judy Pass,,Plano,75074,TX,US,1-(214)529-5209
51,Lisa,Rodriguez,25 Rockefeller Avenue,,Atlanta,30311,GA,US,1-(678)268-2765
52,Jesse,Mason,1 Johnson Avenue,54,Knoxville,37914,TN,US,1-(865)381-9825
53,Antonio,Martinez,181 Harper Drive,,San Luis Obispo,93407,CA,US,1-(805)274-7112
54,Juan,Morris,2 Lighthouse Bay Alley,9933,Saint Petersburg,33731,FL,US,1-(727)611-0089
55,Bruce,Ortiz,3996 Carey Way,,Stamford,06912,CT,US,1-(203)662-4439
56,Scott,Stevens,664 Stephen Hill,,Newark,19714,DE,US,1-(302)969-4286
57,Irene,Brooks,43 Portage Court,,Washington,20022,DC,US,1-(202)453-6675
58,Susan,Wagner,7939 Vidon Center,,Pittsburgh,15235,PA,US,1-(412)612-6419
59,Julia,Young,2 Messerschmidt Place,,Arlington,22234,VA,US,1-(571)554-0526
60,Adam,Kelly,785 Fulton Circle,27,San Francisco,94154,CA,US,1-(415)894-0312
61,Diana,Wood,96 Grasskamp Hill,,Fort Lauderdale,33345,FL,US,1-(754)780-6840
62,Melissa,Stewart,88400 Lawn Hill,,New York City,10019,NY,US,1-(917)972-6762
63,Carlos,Patterson,6013 Mccormick Crossing,,Hartford,06140,CT,US,1-(860)281-4161
64,Elizabeth,Ramos,9609 Dahle Parkway,,San Diego,92121,CA,US,1-(619)654-0240
65,Kimberly,Hayes,23 Killdeer Court,0,New York City,10110,NY,US,1-(718)763-6248
66,Joan,Lewis,1956 Forest Run Avenue,690,Worcester,01610,MA,US,1-(774)162-4599
67,Ashley,Robertson,9440 Lindbergh Pass,,Amarillo,79116,TX,US,1-(806)193-3914
68,Anthony,Hicks,7086 Vera Center,652,Amarillo,79165,TX,US,1-(806)891-0382
69,Justin,Fowler,35 Bellgrove Plaza,,Bloomington,61709,IL,US,1-(309)973-6247
70,Betty,Butler,55900 Bowman Junction,,El Paso,79923,TX,US,1-(915)982-7496
71,Susan,Johnston,264 Rockefeller Avenue,29415,Columbia,65218,MO,US,1-(573)582-9252
72,Anna,Payne,3716 Esker Hill,,Washington,20503,DC,US,1-(202)261-0540
73,Ralph,Peters,58013 Warner Street,,Corpus Christi,78475,TX,US,1-(361)809-8578
74,John,Peters,4007 Hollow Ridge Circle,,Springfield,62723,IL,US,1-(217)796-7921
75,Juan,Kim,22995 Sunbrook Road,,Plano,75074,TX,US,1-(214)902-0796
76,Joe,Williamson,687 Drewry Parkway,,Topeka,66667,KS,US,1-(785)235-6033
77,Phyllis,Riley,56 Arkansas Road,,Houston,77090,TX,US,1-(832)113-0898
78,Carolyn,Cunningham,2293 Rutledge Drive,,Chicago,60663,IL,US,1-(312)924-6251
79,Ruth,Warren,77 Rigney Park,,Newark,07104,NJ,US,1-(973)499-5401
80,Kenneth,Ortiz,12 Anzinger Way,,Shawnee Mission,66220,KS,US,1-(913)204-0748
81,Emily,Castillo,033 Westridge Way,,Texarkana,75507,TX,US,1-(903)232-7046
82,Annie,Davis,42085 Dakota Court,,Prescott,86305,AZ,US,1-(928)543-5090
83,Shawn,Nichols,123 Northport Pass,,Ventura,93005,CA,US,1-(805)515-7108
84,Jane,Fuller,33221 Village Green Crossing,,Denver,80204,CO,US,1-(720)662-9706
85,Michael,Hansen,66 Farragut Avenue,,Canton,44710,OH,US,1-(330)157-6146
86,Carol,Miller,2 Springview Street,,Boise,83727,ID,US,1-(208)653-6445
87,Tammy,Ford,61 Aberg Parkway,,Miami,33233,FL,US,1-(786)638-0548
88,Ronald,Ellis,84731 Mitchell Road,,Topeka,66642,KS,US,1-(785)486-1214
89,Frank,Martinez,104 Hermina Way,,San Francisco,94116,CA,US,1-(415)175-0376
90,Albert,Cox,6489 New Castle Court,,Pensacola,32595,FL,US,1-(850)709-1146
91,Jimmy,Thomas,5411 Elka Center,09773,Evansville,47705,IN,US,1-(812)171-1253
92,Brandon,Austin,058 Knutson Alley,,Lynn,01905,MA,US,1-(339)735-1073
93,Lori,Hicks,13747 Kedzie Hill,,Bronx,10474,NY,US,1-(718)523-4106
94,Judith,Myers,1 Calypso Pass,116,Mobile,36670,AL,US,1-(251)106-4148
95,Dennis,Gibson,79 Dapin Terrace,,Louisville,40256,KY,US,1-(502)617-0353
96,Adam,Carr,6072 Continental Point,,Las Vegas,89115,NV,US,1-(702)405-3422
97,Russell,Porter,97 Hansons Court,,Saint Paul,55166,MN,US,1-(651)342-9059
98,Emily,Bishop,7 Merrick Place,67,Washington,20215,DC,US,1-(202)259-6612
99,Clarence,Wheeler,11 Clyde Gallagher Street,,Orlando,32859,FL,US,1-(407)951-2897
100,Rose,Castillo,5 Gateway Hill,,Corpus Christi,78475,TX,US,1-(361)844-5410
101,Earl,Thomas,88 Scott Point,,Frederick,21705,MD,US,1-(240)372-8213
102,Chris,Hayes,5 Monica Way,,Trenton,08608,NJ,US,1-(609)471-1747
103,Norma,Henderson,80993 Judy Road,,Boise,83722,ID,US,1-(208)278-5038
104,Joyce,Reyes,3337 Northport Park,276,Detroit,48295,MI,US,1-(313)566-2014
105,Kathleen,Greene,12 Waywood Trail,,Boston,02119,MA,US,1-(508)516-2701
106,Gregory,Alexander,45 Spohn Street,,Reston,22096,VA,US,1-(571)882-0817
107,Julia,Williamson,105 Moland Drive,,Rockford,61105,IL,US,1-(815)677-5704
108,Samuel,Williamson,97 Manley Pass,,Sacramento,95838,CA,US,1-(916)739-5141
109,Mary,Cox,0 Pennsylvania Lane,,El Paso,88574,TX,US,1-(915)207-8955
110,Sean,Bailey,8 Bartillon Parkway,,Henderson,89012,NV,US,1-(702)981-7056
111,Brandon,Anderson,79 Service Parkway,84127,Washington,20442,DC,US,1-(202)950-6464
112,Joseph,Gomez,0870 Havey Circle,,San Diego,92165,CA,US,1-(619)342-5224
113,Kathy,Parker,1208 Grover Street,1330,Tampa,33673,FL,US,1-(813)783-7603
114,Lillian,White,66377 Namekagon Circle,,Charleston,29424,SC,US,1-(843)318-9799
115,Pamela,Hayes,587 Cascade Lane,,San Jose,95160,CA,US,1-(408)294-1928
116,Marilyn,Montgomery,043 Eliot Pass,,Richmond,23272,VA,US,1-(804)241-7562
117,Pamela,King,9550 Northview Court,,Newark,19714,DE,US,1-(302)725-2956
118,Ernest,Ellis,14861 Raven Parkway,,Arlington,76004,TX,US,1-(817)753-2704
119,Rebecca,Gonzalez,4357 Oak Avenue,6,Odessa,79764,TX,US,1-(432)474-0183
120,Annie,Washington,92481 Lakewood Gardens Circle,,Tampa,33605,FL,US,1-(813)992-1060
121,Benjamin,Garza,621 Schlimgen Parkway,,Concord,94522,CA,US,1-(925)927-3493
122,Lawrence,Wheeler,882 Westport Point,,Washington,20238,DC,US,1-(202)788-1628
123,Christina,Hughes,6 Green Court,061,Port Charlotte,33954,FL,US,1-(941)411-0443
124,Bonnie,Gordon,873 John Wall Circle,,Scottsdale,85271,AZ,US,1-(480)712-0072
125,Daniel,Medina,81547 Marcy Drive,,Denton,76210,TX,US,1-(214)481-1728
126,Victor,Flores,48 Schurz Point,661,Erie,16550,PA,US,1-(814)253-0340
127,Stephanie,King,1636 Melrose Court,09,Inglewood,90310,CA,US,1-(310)216-5388
128,Kathleen,Wright,9 Clemons Avenue,,New York City,10045,NY,US,1-(212)430-0938
129,Jean,Fisher,14866 Granby Point,,Springfield,62711,IL,US,1-(217)676-2475
130,Richard,Simmons,0150 Brickson Park Street,39,Bridgeport,06673,CT,US,1-(203)264-6781
131,Cynthia,Bowman,9 Elka Center,,Evansville,47725,IN,US,1-(812)450-7684
132,Sean,Fox,6 Blue Bill Park Pass,,Harrisburg,17110,PA,US,1-(717)416-9615
133,Sara,Franklin,0 Westport Street,4445,London,40745,KY,US,1-(606)595-3018
134,Jacqueline,Powell,5 Truax Street,,North Hollywood,91606,CA,US,1-(818)635-8244
135,Roy,Grant,34 Eastlawn Junction,,Garland,75049,TX,US,1-(214)893-2117
136,Tina,Anderson,896 Norway Maple Lane,,Washington,20425,DC,US,1-(202)886-3187
137,Ralph,Alexander,08 Transport Lane,,Ogden,84409,UT,US,1-(801)538-1356
138,Brandon,Rogers,581 Clyde Gallagher Plaza,1,Springfield,62723,IL,US,1-(217)655-5786
139,Brenda,Lawrence,215 Northview Pass,,Pittsburgh,15255,PA,US,1-(412)658-4158
140,Fred,Gardner,46 Loeprich Road,,Hampton,23668,VA,US,1-(757)947-2727
141,Maria,Wood,2693 Warrior Trail,,Charlotte,28247,NC,US,1-(704)407-4024
142,Sandra,Kelley,8 Sage Place,8354,Las Vegas,89105,NV,US,1-(702)171-6186
143,Justin,Boyd,39733 Delaware Street,,Nashville,37210,TN,US,1-(615)371-7003
144,Angela,Wilson,84822 Eggendart Plaza,,Los Angeles,90055,CA,US,1-(213)615-5406
145,Kimberly,Austin,057 Manufacturers Center,,Milwaukee,53220,WI,US,1-(414)715-5178
146,William,Nelson,424 Donald Circle,741,Dallas,75358,TX,US,1-(214)412-9361
147,Jessica,Fernandez,20 Forest Center,,Spokane,99252,WA,US,1-(509)303-7431
148,Kathryn,Stevens,3442 Thierer Pass,0,Albany,12222,NY,US,1-(518)793-5374
149,Jesse,West,0125 Harper Trail,,Roanoke,24029,VA,US,1-(540)429-9092
150,Lawrence,Washington,7 High Crossing Alley,,Austin,78783,TX,US,1-(512)181-1459
151,Martha,Ford,71292 Gateway Circle,,Woburn,01813,MA,US,1-(339)633-4484
152,Sara,Jackson,1 Lakeland Point,47205,Odessa,79769,TX,US,1-(432)334-1340
153,David,Woods,4 Twin Pines Point,,Raleigh,27658,NC,US,1-(919)124-5201
154,Terry,Hanson,17007 Delaware Place,,Jacksonville,32230,FL,US,1-(904)310-8766
155,Russell,Harper,4 Valley Edge Pass,,Tulsa,74149,OK,US,1-(918)143-8379
156,Michael,Morales,6723 Katie Circle,,Dayton,45403,OH,US,1-(937)589-2574
157,Eugene,Fuller,5 Derek Hill,18,New Haven,06533,CT,US,1-(203)443-9859
158,Heather,Little,53 Di Loreto Road,,Simi Valley,93094,CA,US,1-(805)782-3228
159,Louis,Scott,59 Westend Park,,Tampa,33686,FL,US,1-(813)435-9020
160,Virginia,Palmer,5 Hanover Way,,Abilene,79605,TX,US,1-(325)213-0854
161,Irene,Lee,039 Eagle Crest Trail,,Torrance,90510,CA,US,1-(818)976-6845
162,Judy,Bishop,1 Welch Point,,Santa Rosa,95405,CA,US,1-(707)683-0470
163,Cynthia,Young,150 Cambridge Place,,Cincinnati,45254,OH,US,1-(513)576-7900
164,Ann,Burke,1 Lakewood Street,9475,Dallas,75226,TX,US,1-(214)607-8518
165,Lisa,Russell,99232 Moland Alley,,Van Nuys,91406,CA,US,1-(323)138-0337
166,Kathleen,Torres,93 New Castle Circle,,Rochester,14619,NY,US,1-(585)556-1230
167,Jeremy,Stevens,04923 Anniversary Court,,Houston,77293,TX,US,1-(281)967-1054
168,Paula,Perry,9478 Rockefeller Street,50,Escondido,92030,CA,US,1-(760)370-3613
169,Roy,Hart,7 Meadow Valley Point,,Augusta,30919,GA,US,1-(706)856-6054
170,Harold,Fernandez,7798 Brown Junction,4006,San Jose,95160,CA,US,1-(408)773-6757
171,George,Green,33 Dexter Avenue,9,Buffalo,14220,NY,US,1-(716)154-1422
172,Eugene,Long,62483 Ludington Street,95,Saint Louis,63126,MO,US,1-(636)326-1487
173,Christina,Foster,5765 Autumn Leaf Center,,Harrisburg,17140,PA,US,1-(717)104-8602
174,Jonathan,Castillo,5844 Warner Place,,Houston,77276,TX,US,1-(713)664-2540
175,Lois,Bailey,059 Talmadge Avenue,46,Springfield,62718,IL,US,1-(217)338-5969
176,Shirley,Armstrong,64057 Homewood Terrace,25952,Hayward,94544,CA,US,1-(510)222-9212
177,Teresa,Powell,191 Carey Hill,,Apache Junction,85219,AZ,US,1-(480)395-1906
178,Kelly,Edwards,60 Sugar Trail,,Sioux City,51105,IA,US,1-(712)779-9414
179,Diane,Jacobs,7 South Avenue,,Canton,44720,OH,US,1-(330)745-1456
180,Sandra,Reid,1 Prairie Rose Way,,Macon,31210,GA,US,1-(478)807-4861
181,Mark,Lawson,9 Roxbury Alley,,Sioux Falls,57188,SD,US,1-(605)178-2743
182,Dennis,Bradley,54 Vermont Avenue,,Irving,75062,TX,US,1-(469)269-9722
183,Rose,Nelson,849 Mandrake Lane,,Palm Bay,32909,FL,US,1-(321)864-4028
184,Larry,Hernandez,89163 Lindbergh Drive,,Lubbock,79410,TX,US,1-(806)369-4455
185,Billy,Palmer,99308 Waubesa Lane,,Norfolk,23520,VA,US,1-(757)827-3130
186,Ryan,Collins,23616 Lake View Circle,,Madison,53790,WI,US,1-(608)728-7399
187,Billy,Ruiz,3412 Pond Park,,Montgomery,36125,AL,US,1-(334)793-7621
188,Steven,Carroll,1 Farwell Way,,Indianapolis,46247,IN,US,1-(317)607-1354
189,Antonio,Garza,2 Oxford Circle,,Las Vegas,89178,NV,US,1-(702)281-7097
190,Nicole,Hamilton,1 Bashford Terrace,,Birmingham,35279,AL,US,1-(205)815-8127
191,Edward,Peters,2 Spaight Crossing,,Glendale,91210,CA,US,1-(818)197-0780
192,John,Green,9 Butterfield Way,27,Tulsa,74126,OK,US,1-(918)817-1450
193,Scott,Coleman,17 East Center,,El Paso,79905,TX,US,1-(915)136-0705
194,Sarah,Fox,70 Hansons Crossing,,Milwaukee,53285,WI,US,1-(414)938-0068
195,Carlos,Rivera,0 Haas Trail,,Lafayette,70505,LA,US,1-(337)908-3121
196,Jeremy,Stanley,3 Charing Cross Parkway,78295,Sioux Falls,57188,SD,US,1-(605)517-3676
197,Douglas,Morrison,15 Monument Center,,Hampton,23668,VA,US,1-(757)574-8012
198,Laura,Gibson,77895 Old Gate Parkway,77407,Trenton,08608,NJ,US,1-(609)947-6806
199,Roy,Castillo,219 Eagan Center,,Salem,97306,OR,US,1-(503)269-4195
200,Sarah,Carr,203 Lindbergh Point,,Louisville,40266,KY,US,1-(502)103-4861
201,Jeffrey,Gibson,71 Weeping Birch Street,,Milwaukee,53210,WI,US,1-(262)104-1651
202,Edward,Fox,92709 Messerschmidt Pass,,Cincinnati,45223,OH,US,1-(513)752-3884
203,Kenneth,Little,85881 Ohio Plaza,597,Miami,33142,FL,US,1-(786)611-8129
204,Harold,Martinez,8789 Waubesa Avenue,5530,Charleston,25313,WV,US,1-(304)250-5713
205,Diane,Gonzalez,4 Kings Way,,Phoenix,85040,AZ,US,1-(602)879-5619
206,Johnny,Powell,23708 Donald Drive,,Philadelphia,19120,PA,US,1-(610)464-9479
207,Joyce,Ferguson,6 Morrow Street,,Nashville,37205,TN,US,1-(615)168-1136
208,Rebecca,Scott,310 Goodland Pass,,Washington,20041,DC,US,1-(703)242-9375
209,Scott,Kelley,7875 Merry Drive,,Seattle,98158,WA,US,1-(206)666-0322
210,Robin,Perkins,94 Stephen Crossing,,Erie,16565,PA,US,1-(814)781-3077
211,Joyce,Brown,1 Calypso Center,,Fresno,93740,CA,US,1-(559)773-9168
212,Joyce,Lane,08175 Golf Course Point,,Charlotte,28235,NC,US,1-(704)499-5557
213,Matthew,Day,1 Maple Drive,566,Oklahoma City,73147,OK,US,1-(405)301-3364
214,Julie,Day,0 Mandrake Pass,,Los Angeles,90035,CA,US,1-(323)494-7033
215,Richard,Mcdonald,29 Starling Lane,,Miami,33153,FL,US,1-(786)901-1441
216,Louis,Sims,84592 Welch Road,,Palatine,60078,IL,US,1-(847)213-5378
217,Alice,Griffin,9 Sundown Avenue,18,San Mateo,94405,CA,US,1-(805)675-7424
218,Ronald,Davis,03 Maple Way,,Detroit,48258,MI,US,1-(248)621-2025
219,Anne,Kelly,71539 Onsgard Crossing,,Bronx,10454,NY,US,1-(718)542-2818
220,Frances,Jacobs,6438 Oak Valley Point,,Seattle,98175,WA,US,1-(206)694-8828
221,Julia,Fowler,408 Maple Point,,Saint Paul,55114,MN,US,1-(651)884-1817
222,Martin,Wheeler,939 Bluestem Crossing,1,New York City,10175,NY,US,1-(212)886-0714
223,Carol,Perez,6294 2nd Way,916,Milwaukee,53285,WI,US,1-(414)480-3798
224,Benjamin,Burns,2787 Jackson Park,,Albany,12205,NY,US,1-(518)839-7727
225,Jeffrey,Walker,7 Carberry Terrace,2,Memphis,38197,TN,US,1-(901)624-3473
226,Phyllis,Ryan,66801 2nd Way,,Brea,92822,CA,US,1-(818)418-5023
227,Anthony,Green,06667 Autumn Leaf Alley,,Hialeah,33013,FL,US,1-(786)750-5162
228,Paula,Patterson,6769 Sachs Way,,Des Moines,50305,IA,US,1-(515)484-7899
229,Jack,Ortiz,32 Holmberg Lane,,Dayton,45490,OH,US,1-(937)897-4126
230,Brandon,Ford,2 Burning Wood Street,3,Roanoke,24009,VA,US,1-(540)737-2903
231,Albert,Fowler,694 Moulton Place,93,Kansas City,66160,KS,US,1-(913)333-7796
232,Benjamin,Bradley,886 Redwing Terrace,201,Las Vegas,89120,NV,US,1-(702)249-2960
233,Sarah,Wells,95 Warbler Center,,Waterbury,06726,CT,US,1-(203)514-1312
234,Virginia,Washington,853 Lighthouse Bay Pass,17404,Jackson,39236,MS,US,1-(601)881-9832
235,Linda,Reynolds,66 Mosinee Circle,,Cincinnati,45228,OH,US,1-(513)514-4665
236,Jean,Palmer,7 Hanover Circle,,Richmond,23203,VA,US,1-(804)403-2079
237,Jose,Long,77432 Continental Court,,Washington,20599,DC,US,1-(202)750-6641
238,Todd,Kelly,5591 Mcbride Center,8582,Oklahoma City,73114,OK,US,1-(405)137-2165
239,Janice,Griffin,72 Raven Terrace,,Raleigh,27615,NC,US,1-(919)657-0476
240,Jose,Cox,04 Aberg Court,,Las Vegas,89150,NV,US,1-(702)561-1633
241,Terry,Payne,2361 Steensland Alley,,New Orleans,70154,LA,US,1-(504)117-3693
242,Andrew,Boyd,98 Warner Place,,Chicago,60609,IL,US,1-(773)937-5665
243,Sandra,Banks,0 Crownhardt Parkway,8176,Savannah,31422,GA,US,1-(912)460-9457
244,Justin,Moreno,93762 West Way,49,Vero Beach,32969,FL,US,1-(772)457-7859
245,Anne,Lawrence,4 Pine View Place,3285,Little Rock,72209,AR,US,1-(501)327-2408
246,Stephanie,Garrett,527 Monument Terrace,,Kansas City,64160,MO,US,1-(816)492-5631
247,Nicole,Lawson,6 Utah Lane,,Birmingham,35231,AL,US,1-(205)219-1970
248,Tammy,Williamson,0 Meadow Valley Street,,Odessa,79769,TX,US,1-(432)237-1809
249,Billy,Foster,3254 Heffernan Road,,Kansas City,64179,MO,US,1-(816)170-8068
250,Jesse,George,3 Jay Parkway,54,Boulder,80305,CO,US,1-(303)847-6195
251,Phyllis,White,1 Summer Ridge Pass,,Charlotte,28272,NC,US,1-(704)432-2762
252,Lois,Meyer,8262 Arrowood Trail,,Wichita,67215,KS,US,1-(316)920-2104
253,Randy,Bishop,08704 Schlimgen Hill,,Bakersfield,93399,CA,US,1-(661)775-0195
254,Susan,Nguyen,95285 Londonderry Plaza,,Petaluma,94975,CA,US,1-(707)195-0922
255,Brenda,Tucker,33257 Schurz Road,,Huntsville,77343,TX,US,1-(936)858-7767
256,Julie,Alexander,22831 Barby Point,,Charlotte,28242,NC,US,1-(704)423-7558
257,Clarence,Ferguson,06385 Bobwhite Avenue,81,Dallas,75205,TX,US,1-(214)968-5412
258,Nicole,Stevens,4247 Oak Valley Hill,,Modesto,95354,CA,US,1-(209)962-9028
259,Timothy,Webb,864 Toban Center,,Savannah,31410,GA,US,1-(912)893-7274
260,Louise,Burke,5 Carioca Pass,,San Francisco,94169,CA,US,1-(415)344-6647
261,John,Fuller,50435 Lawn Crossing,,Nashville,37250,TN,US,1-(615)560-8646
262,Roger,Russell,798 Moulton Alley,,Boston,02283,MA,US,1-(781)639-6755
263,Christopher,Phillips,7366 2nd Road,,Lake Worth,33462,FL,US,1-(561)105-5370
264,Eric,Elliott,011 Sherman Point,144,Amarillo,79182,TX,US,1-(806)293-1165
265,Roger,Wheeler,518 Stoughton Place,,Roanoke,24029,VA,US,1-(540)749-4491
266,Paula,Webb,22 Towne Hill,,Long Beach,90805,CA,US,1-(323)132-0375
267,Donna,Carter,29 Vahlen Center,,Boise,83732,ID,US,1-(208)253-7875
268,Jeffrey,Stevens,3 Hansons Crossing,,Los Angeles,90094,CA,US,1-(323)113-7539
269,Diana,Richardson,4432 Moose Alley,,Yakima,98907,WA,US,1-(509)883-0503
270,Jonathan,Bryant,10322 Darwin Avenue,,Phoenix,85077,AZ,US,1-(602)964-7305
271,Mary,Brooks,6120 Esch Place,,Youngstown,44505,OH,US,1-(330)302-2805
272,Elizabeth,Peters,185 Hooker Lane,89173,San Francisco,94147,CA,US,1-(415)480-0811
273,James,Robinson,36 Di Loreto Crossing,,Montgomery,36177,AL,US,1-(334)387-2496
274,Sandra,Smith,324 Ilene Court,,San Francisco,94110,CA,US,1-(415)405-9309
275,Louis,Nichols,084 Buena Vista Plaza,,Memphis,38188,TN,US,1-(901)451-0112
276,Douglas,Anderson,57661 Moose Avenue,,Lubbock,79452,TX,US,1-(806)755-2493
277,Cheryl,Owens,83 Oakridge Circle,,El Paso,79950,TX,US,1-(915)759-2629
278,Diana,Hunter,2851 Miller Road,,Las Vegas,89135,NV,US,1-(702)177-2395
279,Rose,Morales,9376 Glacier Hill Junction,,Las Vegas,89145,NV,US,1-(702)779-8279
280,Martha,Ramos,6 2nd Pass,,Atlanta,30340,GA,US,1-(678)137-7837
281,Gloria,Gutierrez,65 Crownhardt Center,,Washington,20397,DC,US,1-(202)164-3239
282,Emily,Ross,77 Shasta Park,,New York City,10249,NY,US,1-(212)551-6029
283,Randy,Wright,5 Bellgrove Avenue,,El Paso,79968,TX,US,1-(915)211-2984
284,Robert,Burke,7877 Grayhawk Junction,,Minneapolis,55446,MN,US,1-(952)777-5897
285,Daniel,Harvey,93845 Lindbergh Lane,,Washington,20016,DC,US,1-(703)640-4307
286,Roger,Sullivan,6666 Bunker Hill Circle,,San Diego,92145,CA,US,1-(858)737-3363
287,Ronald,Ramos,69 Dakota Parkway,,Fort Lauderdale,33355,FL,US,1-(754)254-1160
288,Louis,Watkins,11243 Sheridan Circle,,Washington,20508,DC,US,1-(202)949-2126
289,Debra,Grant,40524 Ludington Lane,58620,Stamford,06912,CT,US,1-(203)281-5506
290,Daniel,Mendoza,16490 Lerdahl Park,,Shawnee Mission,66286,KS,US,1-(913)802-0587
291,Rachel,Reed,1 Hazelcrest Way,80,Dallas,75231,TX,US,1-(972)618-0167
292,Bonnie,Harrison,485 Fairfield Pass,,New Haven,06520,CT,US,1-(203)761-1808
293,Benjamin,Watkins,7 Shopko Alley,,Dayton,45426,OH,US,1-(937)803-6620
294,Raymond,Matthews,60425 Ridge Oak Place,,Aurora,80045,CO,US,1-(303)956-0743
295,Clarence,Phillips,53 Swallow Trail,9,Chattanooga,37450,TN,US,1-(423)542-6679
296,Theresa,Carroll,8 Kropf Circle,,Portland,97240,OR,US,1-(971)716-3504
297,Rachel,Hudson,5 Westport Hill,533,Philadelphia,19131,PA,US,1-(215)578-8047
298,Edward,Wood,06 Debra Parkway,,Wilkes Barre,18768,PA,US,1-(570)835-5518
299,Robin,Richards,55752 Clove Trail,,Fresno,93750,CA,US,1-(559)201-3551
300,Joan,Stanley,93404 Elgar Lane,,Minneapolis,55470,MN,US,1-(612)674-5852
301,Denise,Knight,824 Forest Court,,Fort Smith,72916,AR,US,1-(479)595-7424
302,Kimberly,Webb,8730 Kim Avenue,,Sacramento,95865,CA,US,1-(916)615-3115
303,Deborah,Morgan,800 Manufacturers Way,,Crawfordsville,47937,IN,US,1-(765)691-1365
304,Roy,Arnold,60 Center Parkway,,New Orleans,70160,LA,US,1-(504)257-0027
305,Harry,Hill,103 Stephen Center,91,San Francisco,94116,CA,US,1-(415)280-7891
306,Wayne,Elliott,41884 Grayhawk Junction,9,San Diego,92121,CA,US,1-(619)913-0079
307,James,Freeman,3 Weeping Birch Street,,Sacramento,94297,CA,US,1-(916)859-4135
308,Jonathan,Mccoy,0202 Bay Court,6145,San Francisco,94110,CA,US,1-(415)581-7527
309,Richard,Kelley,6 Kenwood Avenue,,Montgomery,36125,AL,US,1-(334)410-6175
310,Carolyn,Cook,1 Twin Pines Hill,,Chicago,60636,IL,US,1-(773)527-1296
311,Joyce,Larson,09594 Lawn Junction,4190,Pueblo,81005,CO,US,1-(719)305-2281
312,Alice,Olson,7 Buena Vista Alley,,Lansing,48919,MI,US,1-(517)874-9620
313,Ronald,Lopez,99 Jay Junction,,Flint,48555,MI,US,1-(810)532-5606
314,Samuel,Hayes,56 Rutledge Crossing,7161,Springfield,01105,MA,US,1-(413)555-6260
315,Joseph,Lane,84402 Kensington Parkway,,Fort Lauderdale,33355,FL,US,1-(754)784-2539
316,Jane,Schmidt,9551 Kedzie Point,,Charleston,29403,SC,US,1-(843)776-2613
317,Sara,Woods,22 Fisk Pass,1360,Waterbury,06721,CT,US,1-(203)152-1589
318,Marilyn,Rose,3 Truax Road,,San Antonio,78278,TX,US,1-(210)713-8702
319,Carlos,Watson,1 Fordem Lane,,Winston Salem,27110,NC,US,1-(336)316-9049
320,Jessica,Price,6234 Amoth Crossing,,Boca Raton,33487,FL,US,1-(305)982-8091
321,Jessica,Payne,3 Forster Plaza,,Largo,33777,FL,US,1-(727)652-4122
322,Terry,Diaz,8160 Pepper Wood Place,,Irvine,92612,CA,US,1-(714)570-8200
323,Doris,Romero,23 Annamark Point,,Fresno,93709,CA,US,1-(559)432-7545
324,Diana,Mills,25551 Birchwood Lane,2361,Aurora,80045,CO,US,1-(303)463-4455
325,Marie,Sanchez,06612 Lotheville Parkway,25,El Paso,88541,TX,US,1-(915)176-6243
326,Lois,Martin,90475 Ryan Parkway,,Brooklyn,11225,NY,US,1-(718)120-3168
327,Alan,Bailey,63 Lakewood Plaza,44658,Dallas,75379,TX,US,1-(214)799-7121
328,Janice,George,33255 Crest Line Trail,,Topeka,66629,KS,US,1-(785)978-5460
329,Bobby,Hawkins,804 Esker Parkway,,Springfield,65810,MO,US,1-(417)462-6031
330,Janice,Patterson,0335 Elmside Lane,,Shreveport,71105,LA,US,1-(318)481-8378
331,Angela,Gray,673 Katie Pass,271,Phoenix,85015,AZ,US,1-(623)916-8997
332,Billy,Reid,4749 Arapahoe Pass,,Raleigh,27610,NC,US,1-(919)263-1293
333,Adam,Hunt,21 Veith Pass,,Marietta,30061,GA,US,1-(770)549-9765
334,Carol,Owens,6183 Miller Hill,,Hicksville,11854,NY,US,1-(516)284-1175
335,Jose,Russell,07309 Sherman Pass,,San Luis Obispo,93407,CA,US,1-(805)229-2219
336,Elizabeth,Foster,4 Duke Place,,New Brunswick,08922,NJ,US,1-(732)466-7896
337,Cheryl,Knight,77 Quincy Court,,San Francisco,94142,CA,US,1-(415)450-9128
338,Louis,Peterson,45 Old Gate Lane,,Boca Raton,33432,FL,US,1-(561)335-9538
339,Sandra,Hall,597 Michigan Trail,,Houston,77030,TX,US,1-(713)764-1271
340,Frances,James,6 Westport Court,,Pittsburgh,15279,PA,US,1-(412)244-4146
341,Carlos,Richards,2472 Kenwood Point,,Pomona,91797,CA,US,1-(909)465-8909
342,Janet,Foster,2 Holmberg Alley,293,Provo,84605,UT,US,1-(801)244-2961
343,Carol,Cox,77 Cardinal Alley,,Washington,20420,DC,US,1-(202)437-7535
344,Lori,Graham,3 Hayes Crossing,,Wilkes Barre,18763,PA,US,1-(570)773-1699
345,Harry,Hernandez,1143 Forest Run Hill,,Littleton,80127,CO,US,1-(303)749-5010
346,Harry,Day,1 6th Crossing,,Santa Barbara,93111,CA,US,1-(702)101-9900
347,Alice,Johnson,168 Sunnyside Court,,Baton Rouge,70883,LA,US,1-(225)581-2632
348,Judy,Hall,09 Cottonwood Hill,,Greensboro,27415,NC,US,1-(336)518-1461
349,Richard,West,742 Heffernan Drive,,Saint Paul,55123,MN,US,1-(952)307-4623
350,Donna,Harper,33 Manitowish Center,,Peoria,61656,IL,US,1-(309)576-6374
351,Robert,Perkins,1 Raven Junction,,Moreno Valley,92555,CA,US,1-(951)771-3149
352,Sean,Fisher,69237 Miller Street,22,Cincinnati,45213,OH,US,1-(513)532-4512
353,Betty,James,3 Sundown Hill,,Roanoke,24020,VA,US,1-(540)631-8546
354,Peter,Howard,62724 Calypso Avenue,,Anniston,36205,AL,US,1-(256)716-1989
355,Bonnie,Watson,26914 Hanover Lane,,New York City,10099,NY,US,1-(646)111-8425
356,Howard,Edwards,28 Homewood Avenue,,Jackson,39210,MS,US,1-(601)806-2547
357,Donna,Webb,98966 Anderson Terrace,,Austin,78769,TX,US,1-(512)597-8303
358,Justin,Walker,38529 Ridge Oak Way,7,Terre Haute,47812,IN,US,1-(812)839-2587
359,Keith,Young,39665 Golf View Trail,,Scranton,18505,PA,US,1-(570)672-8568
360,Cheryl,Taylor,8878 Waywood Avenue,67192,Houston,77276,TX,US,1-(713)935-6242
361,Cynthia,Long,20718 Waubesa Way,,Montgomery,36109,AL,US,1-(334)240-7575
362,Walter,Carpenter,00647 Kipling Pass,,Sterling,20167,VA,US,1-(571)443-7805
363,Linda,Warren,71 Goodland Street,7,Lincoln,68517,NE,US,1-(402)593-7591
364,Jessica,Young,2305 Delladonna Trail,,Memphis,38181,TN,US,1-(901)982-8915
365,Benjamin,Woods,23229 Anzinger Alley,,Lansing,48912,MI,US,1-(517)597-1633
366,Brandon,Palmer,7 Aberg Circle,,Norfolk,23504,VA,US,1-(757)872-2834
367,Gloria,Vasquez,515 Veith Pass,07418,Stamford,06922,CT,US,1-(203)712-2479
368,Jacqueline,Henderson,27 Muir Street,433,Omaha,68179,NE,US,1-(402)449-1429
369,Judy,Henderson,68 Jana Plaza,,San Francisco,94159,CA,US,1-(415)892-0167
370,Harry,Harris,51 Vernon Crossing,,Des Moines,50335,IA,US,1-(515)810-6939
371,Craig,Williamson,65358 Daystar Street,,Kalamazoo,49006,MI,US,1-(269)577-1536
372,Kevin,Gardner,378 Park Meadow Park,,Bradenton,34282,FL,US,1-(941)961-9335
373,Jerry,Berry,4054 La Follette Place,79,Louisville,40233,KY,US,1-(502)255-2493
374,Jeffrey,Nelson,270 Kedzie Road,,New York City,10090,NY,US,1-(212)522-1061
375,Irene,Brooks,99 Westport Trail,,Fresno,93715,CA,US,1-(209)298-2926
376,Stephen,Perez,66269 Melrose Junction,,Raleigh,27605,NC,US,1-(919)547-2104
377,Antonio,Thompson,90298 Grayhawk Trail,747,Orlando,32885,FL,US,1-(407)656-5005
378,Susan,Burke,26 Shelley Point,675,Saint Paul,55123,MN,US,1-(612)282-1483
379,Debra,Lee,1781 Lindbergh Circle,,Los Angeles,90050,CA,US,1-(213)360-1318
380,Benjamin,Hudson,106 Menomonie Plaza,310,Orlando,32813,FL,US,1-(407)184-2301
381,Angela,Gray,96499 Milwaukee Hill,,New York City,10019,NY,US,1-(917)806-5508
382,Irene,Ramos,03001 Texas Parkway,,Tulsa,74133,OK,US,1-(918)787-6234
383,Kelly,Cooper,8 Duke Hill,,Fairbanks,99790,AK,US,1-(907)208-4037
384,Joe,Flores,28 Mifflin Plaza,,Lima,45807,OH,US,1-(419)568-7839
385,Matthew,Bell,25319 Bonner Street,,Roanoke,24009,VA,US,1-(540)519-9858
386,Benjamin,Castillo,834 Sunfield Street,,Buffalo,14276,NY,US,1-(716)352-0537
387,Ralph,Fisher,13713 Summerview Plaza,,Dulles,20189,VA,US,1-(571)649-3517
388,Ralph,Carr,82 Texas Avenue,,Charlotte,28225,NC,US,1-(704)473-2465
389,Alice,Arnold,50431 High Crossing Hill,,Denver,80204,CO,US,1-(720)764-5287
390,Charles,Cooper,5861 Erie Drive,,Virginia Beach,23464,VA,US,1-(757)687-3015
391,Diane,Chapman,2234 Hooker Road,,Carol Stream,60158,IL,US,1-(309)673-0235
392,Nancy,Holmes,382 Center Drive,2456,Young America,55551,MN,US,1-(952)593-0066
393,Brenda,Bailey,676 Schmedeman Place,,Kansas City,64179,MO,US,1-(816)450-6801
394,Bobby,Pierce,2 Express Pass,,South Lake Tahoe,96154,CA,US,1-(530)699-2396
395,Gloria,Mason,1 Nancy Court,,Lexington,40591,KY,US,1-(859)909-1596
396,Mary,Bishop,4 Hagan Road,2,Anchorage,99512,AK,US,1-(907)445-2405
397,Steve,Black,128 Merchant Hill,,Kansas City,64153,MO,US,1-(816)991-2848
398,Joyce,Warren,92795 Commercial Parkway,0,Austin,78778,TX,US,1-(512)829-6750
399,Paul,Robertson,16651 Hazelcrest Circle,,Washington,20392,DC,US,1-(202)661-5206
400,Andrea,Fernandez,68 Pennsylvania Terrace,9,Santa Monica,90410,CA,US,1-(310)286-1421
401,Phyllis,Gibson,001 Namekagon Parkway,32,Washington,20456,DC,US,1-(202)640-0014
402,Karen,Cooper,2 Stoughton Road,,Richmond,23242,VA,US,1-(804)224-5677
403,David,Bryant,7266 Thompson Drive,,Monticello,55565,MN,US,1-(763)597-6173
404,Louis,Lawrence,83 Ruskin Junction,9,Tampa,33647,FL,US,1-(813)999-0164
405,Earl,Sullivan,7563 Kipling Way,,Baton Rouge,70894,LA,US,1-(225)205-9171
406,Stephen,Hamilton,36 Comanche Trail,1499,Salt Lake City,84110,UT,US,1-(801)593-1921
407,Joan,Cunningham,6 Glacier Hill Place,,Sacramento,94286,CA,US,1-(916)802-4876
408,Patrick,Lynch,14 Meadow Valley Hill,,Houston,77271,TX,US,1-(713)957-0067
409,Joshua,Stanley,8 Banding Circle,070,Philadelphia,19141,PA,US,1-(215)966-8387
410,Brandon,Perry,4645 Butternut Plaza,5,Tempe,85284,AZ,US,1-(480)178-3779
411,Chris,Kelly,44799 Macpherson Pass,,Richmond,23242,VA,US,1-(804)152-9456
412,Annie,Henry,2923 Elka Circle,,Washington,20535,DC,US,1-(202)351-7367
413,Jessica,Watson,14017 Susan Lane,628,Louisville,40280,KY,US,1-(502)309-3186
414,Heather,Dunn,9 Hayes Center,,Albany,12247,NY,US,1-(518)270-5289
415,Bonnie,Adams,4145 Utah Trail,,Austin,78737,TX,US,1-(512)188-6975
416,Carol,Carr,3347 Kensington Plaza,,Newton,02458,MA,US,1-(617)843-5407
417,Samuel,Clark,74254 Magdeline Center,,Stamford,06905,CT,US,1-(203)439-1240
418,Timothy,Hart,554 Elka Alley,1,New York City,10029,NY,US,1-(212)172-5089
419,Phillip,Peterson,4681 Paget Terrace,,Brooksville,34605,FL,US,1-(352)660-0457
420,Roger,Webb,59128 Southridge Lane,,New York City,10155,NY,US,1-(646)286-5670
421,Brian,Myers,7201 Tomscot Alley,,Nashville,37210,TN,US,1-(615)399-4232
422,Andrew,Elliott,49 Merry Avenue,,Columbus,43231,OH,US,1-(614)167-0126
423,Rachel,Peters,601 Tennessee Point,990,Fort Worth,76129,TX,US,1-(817)274-7290
424,Antonio,James,8793 Johnson Crossing,45,Elizabeth,07208,NJ,US,1-(908)196-4749
425,Arthur,Martin,471 Armistice Lane,,San Diego,92160,CA,US,1-(619)958-2104
426,Nicole,Hamilton,2 Pankratz Way,,Montgomery,36177,AL,US,1-(334)261-3756
427,Harold,Henry,49 Portage Trail,,Washington,20310,DC,US,1-(202)447-4192
428,Ronald,Mccoy,5 Raven Place,,Charleston,29424,SC,US,1-(843)529-4903
429,Kelly,Nguyen,62 Bobwhite Trail,,Kansas City,64144,MO,US,1-(816)861-3404
430,Scott,Adams,072 Colorado Way,,Topeka,66629,KS,US,1-(785)689-1236
431,Cynthia,Coleman,10715 Roth Center,,Orlando,32835,FL,US,1-(321)253-8901
432,Judith,Jenkins,32 Schmedeman Circle,45329,Merrifield,22119,VA,US,1-(571)173-2040
433,Lillian,Foster,53931 Elmside Drive,,Raleigh,27621,NC,US,1-(919)982-2082
434,Teresa,Castillo,5 Killdeer Way,8,Saint Paul,55188,MN,US,1-(651)428-1512
435,Roger,Berry,2 Jenna Crossing,16268,Boise,83705,ID,US,1-(208)867-1208
436,Doris,Arnold,885 Di Loreto Way,,San Diego,92110,CA,US,1-(949)231-4867
437,Anthony,Stone,3 Maywood Pass,6452,Waltham,02453,MA,US,1-(508)947-6372
438,Shirley,Campbell,78 Sage Crossing,,Kansas City,64199,MO,US,1-(816)662-2459
439,Lillian,Jordan,89036 Golden Leaf Trail,71992,New York City,10170,NY,US,1-(646)994-9682
440,Larry,Graham,258 International Court,,Baltimore,21229,MD,US,1-(410)787-8479
441,Victor,Little,52619 Dapin Way,,Philadelphia,19191,PA,US,1-(215)161-8778
442,Adam,Vasquez,96 Drewry Road,,Fort Myers,33994,FL,US,1-(239)867-9442
443,Lori,Thompson,2254 Mosinee Court,77,Alhambra,91841,CA,US,1-(626)372-8947
444,Cheryl,Wallace,2173 Vermont Trail,,Greenville,29615,SC,US,1-(864)861-0144
445,Maria,Riley,2 Buena Vista Trail,9,Norwalk,06854,CT,US,1-(203)636-5244
446,Judy,Boyd,2 Jenifer Road,,New York City,10034,NY,US,1-(917)195-3777
447,Bruce,Elliott,75 Delaware Road,27,Charlotte,28247,NC,US,1-(704)240-8269
448,Alan,Cunningham,163 Orin Place,,Anaheim,92812,CA,US,1-(714)735-5070
449,Emily,Bailey,134 Reindahl Point,,El Paso,79999,TX,US,1-(915)742-8229
450,Alice,Welch,319 Clove Avenue,,Orlando,32819,FL,US,1-(321)232-5816
451,Mark,Simmons,35115 Burning Wood Park,,Brooklyn,11205,NY,US,1-(718)562-9060
452,Emily,Lane,9 Melody Pass,,Murfreesboro,37131,TN,US,1-(615)287-2192
453,Linda,Myers,7 New Castle Junction,,Atlanta,31106,GA,US,1-(404)182-3457
454,Shawn,Carpenter,29 Miller Park,27324,Juneau,99812,AK,US,1-(907)616-2320
455,Donald,Hawkins,64 Riverside Junction,,Farmington,48335,MI,US,1-(248)879-6004
456,Alice,Kelley,5293 Commercial Plaza,,Palmdale,93591,CA,US,1-(661)646-5628
457,Michelle,Edwards,4 Redwing Circle,,Portsmouth,23705,VA,US,1-(757)849-1145
458,James,Lane,9 Mosinee Court,,Phoenix,85040,AZ,US,1-(480)343-2077
459,Diane,Johnston,98 Towne Hill,,Scottsdale,85271,AZ,US,1-(480)445-6779
460,Shirley,Peters,54166 Maryland Avenue,,Charlotte,28205,NC,US,1-(704)582-0647
461,Denise,Price,377 Heath Center,36770,Macon,31217,GA,US,1-(478)494-1350
462,Louis,Campbell,4109 Reinke Pass,,Peoria,61640,IL,US,1-(309)723-1871
463,Antonio,Kennedy,00 Ridge Oak Plaza,,Salt Lake City,84105,UT,US,1-(435)760-7329
464,Ruby,Garrett,57 Northport Terrace,,Washington,20456,DC,US,1-(202)451-2072
465,Daniel,Hunter,79 Dwight Trail,,Raleigh,27658,NC,US,1-(919)663-6992
466,Johnny,Green,6 Fairfield Trail,,Columbus,43240,OH,US,1-(740)449-4423
467,Johnny,Phillips,43 Columbus Hill,8992,Birmingham,35231,AL,US,1-(205)126-2521
468,Kathy,Russell,86288 Bunting Crossing,847,Detroit,48295,MI,US,1-(313)727-9622
469,Angela,Andrews,264 Spohn Trail,,Dallas,75387,TX,US,1-(214)264-2415
470,Walter,Dunn,88571 8th Terrace,,Charlottesville,22908,VA,US,1-(434)511-0147
471,Gary,Daniels,7622 Russell Alley,,Oakland,94605,CA,US,1-(510)476-5910
472,Jessica,Olson,8 Manley Way,,Little Rock,72204,AR,US,1-(501)727-4652
473,Lisa,Martin,962 Lien Avenue,,Lexington,40505,KY,US,1-(859)983-6056
474,Shirley,Porter,8 Oakridge Lane,,San Jose,95108,CA,US,1-(408)426-5776
475,Rebecca,Nichols,88 North Pass,,Tyler,75799,TX,US,1-(903)834-1827
476,Joe,Davis,8 Moulton Junction,,Wilmington,28410,NC,US,1-(910)309-8908
477,Antonio,Ellis,20677 Waxwing Circle,,Tulsa,74103,OK,US,1-(918)867-8259
478,Todd,Shaw,22871 Colorado Park,,Memphis,38136,TN,US,1-(901)437-6447
479,Julia,Riley,97277 Hazelcrest Point,,Knoxville,37995,TN,US,1-(865)928-6682
480,Harold,Hill,27875 Browning Parkway,50637,Hampton,23668,VA,US,1-(757)417-4000
481,Arthur,Hunter,3626 Pearson Junction,,Tucson,85710,AZ,US,1-(520)853-0140
482,Carlos,Perkins,623 Darwin Way,,Grand Rapids,49505,MI,US,1-(616)682-6056
483,Janet,Brown,1668 Kipling Pass,,Charlotte,28205,NC,US,1-(704)149-1986
484,George,Taylor,3 Crest Line Plaza,,Las Vegas,89110,NV,US,1-(702)398-9359
485,Daniel,Brown,52 Johnson Crossing,8835,Bronx,10469,NY,US,1-(917)494-7930
486,Ryan,Parker,606 American Ash Pass,,Hartford,06152,CT,US,1-(860)384-1284
487,Carl,Clark,62526 Eagan Pass,,Boston,02109,MA,US,1-(617)212-4102
488,Frank,Jenkins,81680 Sunfield Alley,,Mountain View,94042,CA,US,1-(650)196-3535
489,Steven,Wheeler,22 Badeau Junction,,Fort Smith,72905,AR,US,1-(479)323-9928
490,Justin,Garrett,99969 Moulton Way,,San Francisco,94126,CA,US,1-(415)888-5309
491,Louis,Franklin,802 Sage Alley,2,Springfield,62794,IL,US,1-(217)711-5479
492,Ann,Thomas,6340 Banding Center,416,Cleveland,44118,OH,US,1-(216)459-9571
493,Robin,Ramos,5150 Westerfield Crossing,,Worcester,01654,MA,US,1-(508)377-8860
494,Kelly,Hunt,4 Arizona Crossing,40,Roanoke,24034,VA,US,1-(540)731-7949
495,Joshua,Bradley,2 Westridge Point,,Minneapolis,55423,MN,US,1-(612)465-2078
496,Edward,Hill,7 Holy Cross Trail,,Tulsa,74133,OK,US,1-(918)697-2380
497,Edward,King,02 Hudson Parkway,,Los Angeles,90035,CA,US,1-(818)430-4658
498,Beverly,Cooper,5 Kings Place,,Staten Island,10305,NY,US,1-(718)277-0331
499,Peter,Jackson,32 Graedel Alley,,Washington,20414,DC,US,1-(202)733-1516
500,Steve,Pierce,72 Westport Way,,Vero Beach,32964,FL,US,1-(772)181-6856
501,Jennifer,Baker,0034 Chive Point,0,Dayton,45414,OH,US,1-(937)807-9490
502,Stephen,Lewis,32825 Menomonie Pass,,Washington,20404,DC,US,1-(202)771-2329
503,Susan,Garza,78 Dryden Street,4,Topeka,66622,KS,US,1-(785)426-6489
504,Harold,Lawson,2955 Ruskin Crossing,3,Wilmington,19892,DE,US,1-(302)753-5223
505,Adam,Turner,6311 Eagle Crest Way,,Tulsa,74103,OK,US,1-(918)169-5418
506,Richard,Cunningham,33 8th Circle,,Charlotte,28235,NC,US,1-(704)774-7795
507,Doris,Stephens,9 Linden Plaza,,Washington,20370,DC,US,1-(202)300-8430
508,Gerald,Ramirez,7218 Shopko Center,,Oklahoma City,73119,OK,US,1-(405)703-3836
509,Christina,Edwards,59472 Lindbergh Parkway,8104,El Paso,79940,TX,US,1-(915)786-4379
510,Stephanie,Medina,5 Carey Lane,,Moreno Valley,92555,CA,US,1-(951)377-5962
511,Patricia,Ferguson,9 Huxley Alley,,Denver,80249,CO,US,1-(720)222-3866
512,Anne,Reynolds,152 Division Circle,,Miami,33185,FL,US,1-(305)491-4073
513,Donna,Wood,97 Del Mar Point,,Des Moines,50369,IA,US,1-(515)709-5582
514,Stephen,Romero,651 Hazelcrest Crossing,,Las Vegas,89178,NV,US,1-(702)554-5484
515,Lisa,Edwards,253 Monterey Hill,,Pompano Beach,33075,FL,US,1-(754)388-2654
516,Denise,Carroll,784 Brentwood Alley,,Newport News,23605,VA,US,1-(757)230-5867
517,Jennifer,Howard,29294 Continental Park,,Los Angeles,90020,CA,US,1-(818)210-2487
518,Henry,Alexander,902 Clemons Place,,Oakland,94616,CA,US,1-(415)316-2895
519,Paula,Watson,654 Fair Oaks Avenue,,Melbourne,32941,FL,US,1-(321)641-7451
520,Carl,Hanson,9556 Little Fleur Circle,4288,Chicago,60697,IL,US,1-(312)277-0440
521,Jerry,Hayes,07715 Hintze Circle,23,Bakersfield,93386,CA,US,1-(661)904-1230
522,Randy,Young,3 Reindahl Place,,Orlando,32803,FL,US,1-(321)732-4308
523,Joe,Cole,2535 Caliangt Center,,New York City,10014,NY,US,1-(212)814-7844
524,Earl,Medina,89 Fremont Hill,,Phoenix,85030,AZ,US,1-(602)154-0059
525,Jane,Ruiz,0751 Graceland Crossing,,London,40745,KY,US,1-(606)423-8062
526,Cynthia,Morris,363 Elmside Street,,Pasadena,91186,CA,US,1-(626)892-3362
527,Frances,Martin,4 Marquette Plaza,,Daytona Beach,32128,FL,US,1-(386)565-4643
528,Kelly,Hanson,07311 Lotheville Point,,Lees Summit,64082,MO,US,1-(816)990-3085
529,Roy,Allen,80646 Blackbird Park,,Erie,16565,PA,US,1-(814)514-4530
530,Paula,Morgan,499 Pleasure Park,,Houston,77045,TX,US,1-(713)864-8979
531,Billy,Romero,71 Hanover Junction,,Baltimore,21239,MD,US,1-(443)362-2597
532,Kimberly,Ramirez,2720 Prentice Alley,63924,Oceanside,92056,CA,US,1-(760)830-1390
533,Bonnie,Hernandez,69 Grayhawk Court,9185,Memphis,38143,TN,US,1-(901)876-4003
534,Jeremy,Stanley,72 Westerfield Avenue,,Topeka,66642,KS,US,1-(785)308-9732
535,Donna,Riley,1061 Lindbergh Street,,Saint Petersburg,33715,FL,US,1-(727)207-5902
536,Julie,Patterson,2354 Merry Crossing,,Hollywood,33023,FL,US,1-(954)287-9867
537,Marilyn,Lopez,6953 Ramsey Point,,Sacramento,95894,CA,US,1-(916)321-5480
538,Marilyn,Gutierrez,16474 Nancy Center,6,Brockton,02405,MA,US,1-(508)586-0125
539,Dennis,Robinson,552 Chive Crossing,,Miami,33134,FL,US,1-(786)597-1011
540,Norma,Little,497 Northridge Circle,,Nashville,37240,TN,US,1-(615)691-6764
541,Anne,Henry,69 Vidon Point,,Dayton,45432,OH,US,1-(937)176-2941
542,Martin,Howell,3709 Pepper Wood Terrace,68424,West Palm Beach,33405,FL,US,1-(772)577-2389
543,Alice,Evans,138 Kipling Trail,93,New York City,10280,NY,US,1-(646)667-3214
544,Julie,Ray,7335 Schiller Trail,920,San Bernardino,92410,CA,US,1-(909)285-4537
545,Jessica,Griffin,6 Meadow Ridge Avenue,38502,Houston,77050,TX,US,1-(281)210-3948
546,Gary,Day,02 Bonner Court,,Migrate,41905,KY,US,1-(502)863-8830
547,Jessica,Brooks,6 Parkside Terrace,,Buffalo,14205,NY,US,1-(716)247-4971
548,Jerry,Stanley,417 Michigan Junction,2799,Sioux Falls,57198,SD,US,1-(605)932-3730
549,Phillip,Hansen,7030 Claremont Circle,,San Diego,92137,CA,US,1-(619)264-4439
550,Adam,Ray,1 Bashford Trail,,Portland,97201,OR,US,1-(503)728-1714
551,Jessica,Hansen,43 Norway Maple Plaza,,Saint Paul,55108,MN,US,1-(651)855-2803
552,Jimmy,Gutierrez,4 Forest Dale Pass,305,Oklahoma City,73104,OK,US,1-(405)896-0051
553,Julia,Banks,5534 Kenwood Place,,Miami,33261,FL,US,1-(305)722-4985
554,Anne,Johnston,573 Manitowish Pass,,Paterson,07522,NJ,US,1-(201)852-1733
555,Sharon,Mendoza,0 Fremont Parkway,,New Haven,06538,CT,US,1-(203)299-3648
556,Amanda,Weaver,8 Granby Place,1,Greensboro,27404,NC,US,1-(336)648-0404
557,William,Harper,83002 Havey Circle,,Jamaica,11447,NY,US,1-(718)608-1636
558,Eric,Gutierrez,017 Porter Alley,,Minneapolis,55436,MN,US,1-(612)161-1371
559,Matthew,Martinez,9 Elmside Alley,,Pensacola,32590,FL,US,1-(850)744-0623
560,Amy,Ryan,0814 Riverside Hill,,Houston,77266,TX,US,1-(832)886-7537
561,Catherine,Phillips,374 Prairieview Way,,Norfolk,23520,VA,US,1-(757)342-8467
562,Christina,Stone,3448 Cordelia Point,,Dallas,75277,TX,US,1-(214)644-3918
563,Stephen,Bryant,7914 Washington Pass,,Lansing,48930,MI,US,1-(517)502-1704
564,Henry,Phillips,94 Eastwood Point,,Boston,02124,MA,US,1-(617)978-1029
565,Steve,Garcia,48 Bartelt Point,82,Boston,02208,MA,US,1-(617)257-1102
566,Timothy,Mitchell,5651 Ryan Avenue,,New York City,10029,NY,US,1-(212)649-3109
567,Helen,Jordan,41681 6th Road,,Riverside,92505,CA,US,1-(909)712-4086
568,Bobby,Oliver,304 Evergreen Trail,,Jacksonville,32236,FL,US,1-(904)840-3432
569,Frank,Ross,98 Redwing Circle,,Honolulu,96850,HI,US,1-(808)837-8889
570,Russell,Smith,09 Raven Place,7,Orlando,32819,FL,US,1-(321)433-8636
571,Norma,Rose,4 Rutledge Plaza,,Biloxi,39534,MS,US,1-(228)168-9595
572,Sandra,Young,31 Onsgard Street,,Silver Spring,20918,MD,US,1-(240)834-7406
573,Sara,Fisher,2 Dayton Plaza,,New York City,10292,NY,US,1-(212)695-0049
574,Lori,Hudson,0 Northfield Circle,3,Baton Rouge,70805,LA,US,1-(225)549-1385
575,Michelle,Campbell,84556 Spohn Street,,Des Moines,50393,IA,US,1-(515)672-4301
576,Jacqueline,Young,2608 Corben Drive,438,Arlington,22212,VA,US,1-(571)734-8205
577,Tammy,Alvarez,4692 Merchant Way,,Austin,78754,TX,US,1-(512)244-7916
578,Ronald,Stephens,621 Homewood Way,,Alexandria,22309,VA,US,1-(703)885-2413
579,Beverly,Frazier,5688 Carioca Avenue,01471,Modesto,95354,CA,US,1-(209)852-3536
580,Michelle,Andrews,239 Trailsway Trail,,Jackson,39216,MS,US,1-(601)541-0184
581,Norma,Hudson,46089 Canary Circle,,Vancouver,98687,WA,US,1-(360)267-8848
582,Christopher,Burton,8917 Hoepker Place,,North Las Vegas,89087,NV,US,1-(702)473-4147
583,Anna,Hawkins,7 Dottie Parkway,09,San Antonio,78285,TX,US,1-(210)323-0340
584,Rachel,Lane,9741 Transport Alley,,San Jose,95108,CA,US,1-(408)506-6138
585,George,Coleman,5594 North Street,36392,Albany,12210,NY,US,1-(518)121-3610
586,Kimberly,Stanley,59604 Warbler Way,5152,Hyattsville,20784,MD,US,1-(301)971-4536
587,Pamela,Taylor,3690 Forest Plaza,1015,Omaha,68105,NE,US,1-(402)639-1129
588,Stephanie,Torres,0096 Hayes Point,,New York City,10280,NY,US,1-(917)875-0421
589,Louis,Peterson,2 Victoria Alley,,Wichita,67205,KS,US,1-(316)971-4412
590,Michelle,Hicks,320 Hagan Hill,0,Philadelphia,19146,PA,US,1-(267)865-6531
591,Martin,Bradley,830 Blaine Road,,Birmingham,35244,AL,US,1-(205)760-4334
592,Todd,Taylor,3 Sauthoff Circle,6196,Raleigh,27605,NC,US,1-(919)755-9710
593,Kathryn,Nguyen,0 Menomonie Drive,15,Newton,02458,MA,US,1-(781)928-5109
594,Anne,Jackson,06 Shopko Trail,1,Salt Lake City,84130,UT,US,1-(801)567-3895
595,Frances,Myers,0 Center Terrace,,Las Vegas,89105,NV,US,1-(702)104-6143
596,Catherine,Welch,1589 Darwin Way,,Jacksonville,32277,FL,US,1-(904)277-1773
597,Gregory,Holmes,021 Mendota Terrace,,Redwood City,94064,CA,US,1-(650)559-0306
598,Michelle,Roberts,7 Portage Place,1,Springfield,01114,MA,US,1-(413)721-3956
599,Joshua,Thomas,43 Badeau Center,,Washington,20525,DC,US,1-(202)502-6157
600,Kathryn,Castillo,427 Upham Hill,,Reston,22096,VA,US,1-(571)281-4145
601,Harry,Austin,97196 Valley Edge Alley,04719,Minneapolis,55487,MN,US,1-(612)183-8621
602,Lisa,Woods,504 Amoth Pass,,Louisville,40266,KY,US,1-(502)255-1031
603,Jessica,Matthews,01567 Northview Drive,,Frankfort,40618,KY,US,1-(502)819-8708
604,Denise,Shaw,3733 Karstens Parkway,,Reno,89595,NV,US,1-(775)288-3293
605,Mary,Welch,7 Roth Parkway,,Mobile,36605,AL,US,1-(251)504-4893
606,Christopher,Edwards,655 Dapin Avenue,,Bryan,77806,TX,US,1-(979)900-3960
607,Barbara,Cunningham,76529 Reinke Trail,,Rochester,14604,NY,US,1-(585)665-0910
608,Dennis,Hart,40 Oakridge Crossing,,Milwaukee,53225,WI,US,1-(414)685-1952
609,Jeremy,Spencer,7 Crownhardt Alley,,Montgomery,36177,AL,US,1-(334)871-9140
610,Nancy,Snyder,50095 Division Circle,,Greensboro,27404,NC,US,1-(336)662-5823
611,Stephanie,Edwards,6491 Russell Park,,New York City,10115,NY,US,1-(212)897-8739
612,Nicholas,Dunn,311 Ronald Regan Park,,Honolulu,96840,HI,US,1-(808)784-6553
613,Julia,Greene,17864 Roxbury Drive,1196,Springfield,62776,IL,US,1-(217)559-9790
614,Judy,Webb,22 Kinsman Point,45,Irving,75037,TX,US,1-(214)229-0256
615,Louise,Coleman,79734 Upham Avenue,,Montgomery,36177,AL,US,1-(334)716-8852
616,Teresa,Stevens,7 Barnett Road,04375,Johnstown,15906,PA,US,1-(814)863-3960
617,Jerry,Phillips,301 Grayhawk Alley,,Jersey City,07310,NJ,US,1-(908)957-7416
618,Thomas,Black,5614 Division Terrace,,Dayton,45408,OH,US,1-(937)227-3066
619,Joyce,Flores,5772 Macpherson Drive,,San Antonio,78215,TX,US,1-(210)318-6260
620,Sandra,Armstrong,42289 Ridge Oak Place,61525,Indianapolis,46226,IN,US,1-(317)943-2969
621,Joe,Freeman,242 Bay Street,,Dallas,75387,TX,US,1-(214)434-2584
622,Todd,Gilbert,4 Birchwood Alley,,Lansing,48956,MI,US,1-(517)611-3598
623,Roger,Griffin,3740 Eggendart Plaza,,Salt Lake City,84199,UT,US,1-(801)135-7692
624,Arthur,Kelley,0 Butterfield Lane,,Seattle,98109,WA,US,1-(206)530-3285
625,Sarah,Burns,7 Corben Junction,,Philadelphia,19178,PA,US,1-(215)675-7129
626,Gary,Henry,25 Lyons Center,,Norfolk,23520,VA,US,1-(757)247-9775
627,Betty,Brooks,67 Knutson Pass,945,Tacoma,98442,WA,US,1-(253)395-7287
628,Earl,Knight,00908 Vernon Trail,,Los Angeles,90081,CA,US,1-(213)670-0016
629,James,Ford,4 Bultman Pass,,Indianapolis,46202,IN,US,1-(317)971-9181
630,Paula,Miller,97735 Huxley Terrace,,Mobile,36670,AL,US,1-(251)764-1412
631,Kathy,Flores,78950 Autumn Leaf Crossing,,Brockton,02405,MA,US,1-(508)762-4962
632,Amanda,Wagner,21083 Mcguire Court,,Wilmington,19805,DE,US,1-(302)874-6357
633,Victor,Russell,789 Butternut Avenue,19084,Mc Keesport,15134,PA,US,1-(412)143-6723
634,Brandon,Campbell,021 Holy Cross Avenue,05,Syracuse,13205,NY,US,1-(315)627-3249
635,Daniel,Bell,76998 Lillian Circle,,Chicago,60646,IL,US,1-(847)720-5800
636,Elizabeth,Sanders,9 Westport Avenue,,San Antonio,78296,TX,US,1-(210)233-7754
637,Laura,Holmes,64933 Ridgeway Court,4,Anaheim,92825,CA,US,1-(714)659-6718
638,Brenda,Peterson,40 Drewry Pass,,Richmond,23289,VA,US,1-(804)848-1248
639,Brian,Peters,345 Nova Way,,Fort Worth,76192,TX,US,1-(682)923-2355
640,Clarence,Hall,674 American Ash Parkway,,Saint Paul,55123,MN,US,1-(651)830-6221
641,Mildred,Stephens,57 Sullivan Alley,,Ogden,84409,UT,US,1-(801)823-2517
642,Terry,Mills,3 Westridge Parkway,7459,Rochester,14652,NY,US,1-(585)460-4466
643,Terry,Stephens,9955 Sachs Alley,,Jacksonville,32209,FL,US,1-(904)409-9527
644,Roy,Gray,1157 Colorado Trail,,San Angelo,76905,TX,US,1-(325)783-2427
645,Kathleen,Perez,416 Moland Road,09,Spokane,99205,WA,US,1-(509)883-9880
646,Carl,Gilbert,90 Hudson Circle,,Philadelphia,19160,PA,US,1-(215)721-0549
647,Rebecca,Sanchez,2 Banding Center,,Charlotte,28215,NC,US,1-(704)963-5087
648,Linda,Ward,8 Crownhardt Junction,,Cincinnati,45238,OH,US,1-(513)116-7242
649,Susan,Harris,605 Del Sol Terrace,,Fargo,58106,ND,US,1-(701)439-5912
650,Teresa,Brooks,19114 Fairfield Avenue,,Colorado Springs,80940,CO,US,1-(719)933-7973
651,Rachel,Welch,3 Truax Crossing,,Tampa,33647,FL,US,1-(813)282-5423
652,Pamela,Greene,63 Spenser Junction,,Washington,20226,DC,US,1-(202)352-7041
653,Frank,Moore,67156 Kensington Court,,El Paso,79955,TX,US,1-(915)115-6517
654,Betty,Marshall,151 Hauk Trail,,Evansville,47747,IN,US,1-(812)726-4014
655,Ronald,Hall,0 Lerdahl Point,,Houston,77090,TX,US,1-(832)943-3832
656,Donna,Bowman,9 Susan Circle,,Indianapolis,46278,IN,US,1-(317)913-6762
657,Katherine,Mitchell,71012 Bellgrove Court,,Shawnee Mission,66276,KS,US,1-(913)107-0804
658,Shawn,Woods,24394 Bowman Hill,,Gainesville,30506,GA,US,1-(404)150-4690
659,Scott,Johnston,87366 Pierstorff Alley,,Reno,89550,NV,US,1-(775)494-8126
660,Christopher,Turner,077 Thierer Road,,Little Rock,72222,AR,US,1-(501)444-6885
661,Harold,Coleman,79 Dennis Park,,Albuquerque,87201,NM,US,1-(505)651-9893
662,Marilyn,Green,50 Aberg Trail,9,Worcester,01654,MA,US,1-(508)903-4438
663,Nicole,Hughes,86192 Corry Street,,Waco,76711,TX,US,1-(254)300-2351
664,Aaron,Morgan,48008 Spohn Lane,,Wilmington,19810,DE,US,1-(302)958-4598
665,Catherine,Bradley,07642 Oriole Drive,35930,Phoenix,85020,AZ,US,1-(623)669-2257
666,Jimmy,Castillo,930 Crowley Park,8412,Houston,77055,TX,US,1-(281)161-4468
667,Janice,Wright,64 Glendale Circle,5979,Cincinnati,45238,OH,US,1-(513)968-6539
668,Margaret,Richardson,77 Corben Lane,,New York City,10175,NY,US,1-(646)782-0785
669,Wayne,Alvarez,8454 Sauthoff Avenue,,Chicago,60681,IL,US,1-(312)354-1822
670,Matthew,Arnold,21287 Killdeer Terrace,,Winter Haven,33884,FL,US,1-(407)395-0169
671,Martin,George,8 Jenifer Terrace,,Seattle,98158,WA,US,1-(425)548-4903
672,Jesse,Cruz,47 Burning Wood Road,,Saint Louis,63136,MO,US,1-(314)248-3312
673,Doris,Tucker,10 Dixon Drive,0285,Portland,97271,OR,US,1-(971)435-5578
674,Charles,Ruiz,71 Hazelcrest Way,,Knoxville,37919,TN,US,1-(865)135-6662
675,Heather,Ruiz,02 Swallow Trail,,Wilkes Barre,18768,PA,US,1-(570)968-5288
676,Jeremy,Washington,6 Bluestem Terrace,66216,Raleigh,27615,NC,US,1-(919)366-0405
677,Martin,Nelson,279 Walton Court,6,Dallas,75216,TX,US,1-(972)212-4254
678,Mildred,Cox,49624 Truax Lane,,Glendale,85311,AZ,US,1-(602)780-9290
679,Theresa,Chapman,2 Moulton Circle,,Colorado Springs,80925,CO,US,1-(719)207-7509
680,Michael,Hunt,83871 Roxbury Center,,Minneapolis,55448,MN,US,1-(763)934-7024
681,Clarence,Bennett,2693 Hayes Parkway,,Springfield,01152,MA,US,1-(413)176-1472
682,Judith,Ortiz,24 Hallows Junction,,Stockton,95210,CA,US,1-(209)452-1363
683,Jeremy,Little,70144 Clemons Crossing,,Annapolis,21405,MD,US,1-(443)325-7965
684,Cheryl,Willis,3897 Miller Hill,3,Oklahoma City,73190,OK,US,1-(405)562-2756
685,Denise,Welch,906 Brickson Park Avenue,,Washington,20226,DC,US,1-(202)792-0708
686,Shirley,Johnston,5 Express Lane,,Winston Salem,27150,NC,US,1-(336)406-0437
687,Russell,Adams,3 Mayer Center,,Fort Worth,76162,TX,US,1-(682)830-9435
688,Andrea,Gonzalez,05 Melody Avenue,,Portland,97229,OR,US,1-(503)886-4149
689,Ronald,Taylor,616 Warbler Junction,,Springfield,65898,MO,US,1-(417)948-8165
690,Ruth,Martinez,92012 New Castle Plaza,87,Springfield,62794,IL,US,1-(217)515-7632
691,Bobby,Porter,74661 Killdeer Plaza,,Dayton,45403,OH,US,1-(937)971-9657
692,Lisa,Clark,68773 Autumn Leaf Parkway,,Mesa,85215,AZ,US,1-(480)629-5718
693,Andrea,Palmer,87 Ohio Way,,Fresno,93786,CA,US,1-(559)788-4800
694,Dorothy,Bennett,46 Warbler Center,,Richmond,23260,VA,US,1-(804)186-4463
695,Dorothy,Carter,5220 Crest Line Alley,077,Oklahoma City,73167,OK,US,1-(405)156-4849
696,Billy,Lane,34851 Russell Hill,56,Silver Spring,20910,MD,US,1-(301)603-0818
697,Elizabeth,Robertson,21 Emmet Parkway,,Allentown,18105,PA,US,1-(610)128-0696
698,Carl,Fowler,2467 Cardinal Circle,4264,Washington,20566,DC,US,1-(202)337-5880
699,Wanda,Bailey,8532 Porter Plaza,,Pasadena,77505,TX,US,1-(281)302-9357
700,Steve,Johnston,66 Basil Circle,83,Columbus,31904,GA,US,1-(706)179-3817
701,Steven,Collins,04510 Arizona Junction,,Washington,20370,DC,US,1-(202)758-8055
702,Lisa,Palmer,39162 Pearson Point,,Stockton,95210,CA,US,1-(209)407-3628
703,Steven,Harper,4 Mitchell Alley,,Peoria,61635,IL,US,1-(309)990-0528
704,Shawn,Martinez,87 Dakota Trail,,Cincinnati,45233,OH,US,1-(513)698-1697
705,Mildred,Gibson,818 High Crossing Terrace,,Tacoma,98481,WA,US,1-(253)969-0680
706,Andrea,Dixon,75 8th Avenue,,Lubbock,79491,TX,US,1-(806)799-4263
707,Kathryn,Johnson,670 Hayes Parkway,,Richmond,23208,VA,US,1-(804)304-4371
708,Benjamin,Wagner,90576 Washington Park,,Boise,83732,ID,US,1-(208)331-3043
709,Brenda,Wilson,623 Thackeray Lane,,Newark,07104,NJ,US,1-(973)726-8690
710,Irene,Garcia,0 Raven Parkway,,Madison,53790,WI,US,1-(608)465-2857
711,Bobby,Smith,7 Eastlawn Place,,Atlanta,31136,GA,US,1-(404)421-4921
712,Christopher,Barnes,66 Golf View Place,,Flint,48505,MI,US,1-(810)790-4861
713,Louis,Kim,36 Crescent Oaks Junction,,Madison,53726,WI,US,1-(608)985-8865
714,William,Burns,49726 Katie Hill,,El Paso,88525,TX,US,1-(915)157-2677
715,Alice,Lewis,0376 Sundown Court,512,Tuscaloosa,35487,AL,US,1-(205)597-4687
716,Anne,Stanley,7 Tennyson Court,,Panama City,32405,FL,US,1-(850)316-1869
717,Randy,Shaw,08 Blaine Junction,,Metairie,70005,LA,US,1-(504)695-7037
718,Randy,Olson,8 Armistice Drive,,Fort Collins,80525,CO,US,1-(970)138-7759
719,Gary,Mendoza,5 Oak Center,,Atlanta,30340,GA,US,1-(770)130-1832
720,Sharon,Carpenter,38891 Lerdahl Lane,19029,New York City,10029,NY,US,1-(212)629-8838
721,Frances,Meyer,7 Summerview Junction,,Fort Pierce,34949,FL,US,1-(772)105-6034
722,Billy,Austin,11 Di Loreto Lane,,Las Vegas,89120,NV,US,1-(702)101-3646
723,Juan,Vasquez,485 Basil Drive,,Pittsburgh,15220,PA,US,1-(412)319-9334
724,Joyce,Ferguson,9205 Kedzie Terrace,73490,Waterloo,50706,IA,US,1-(319)647-4761
725,Beverly,Morrison,92512 Chive Avenue,,Columbus,39705,MS,US,1-(662)630-9859
726,Ann,Hansen,911 Scofield Alley,,Houston,77065,TX,US,1-(713)460-6758
727,Richard,Evans,08070 Buhler Plaza,78,Boulder,80328,CO,US,1-(303)352-9832
728,Jonathan,Carter,99713 Eliot Alley,,Olympia,98506,WA,US,1-(360)555-4021
729,Mary,Riley,04880 Heath Way,,Los Angeles,90020,CA,US,1-(626)789-8162
730,Richard,Stephens,50386 Texas Plaza,4,Clearwater,34629,FL,US,1-(727)138-3156
731,Martha,Nguyen,36688 Waxwing Plaza,,Richmond,23293,VA,US,1-(804)250-3645
732,Brian,Gutierrez,75042 Merrick Circle,,Pittsburgh,15205,PA,US,1-(412)885-9888
733,Debra,Snyder,73482 Dixon Lane,,Omaha,68144,NE,US,1-(402)216-1756
734,Dorothy,Campbell,04 Melrose Street,,Tyler,75710,TX,US,1-(903)941-3444
735,Rose,Moreno,6 Hermina Way,,Mobile,36605,AL,US,1-(251)940-3784
736,Ryan,Walker,12 Longview Junction,18803,Knoxville,37931,TN,US,1-(865)486-5896
737,Brian,Fernandez,09650 Summit Road,,Lincoln,68517,NE,US,1-(402)111-2841
738,Kathryn,Wagner,2854 Starling Lane,,Amarillo,79182,TX,US,1-(806)152-6978
739,Johnny,Hunt,058 Village Green Center,,Falls Church,22047,VA,US,1-(571)765-7135
740,Brenda,Kelly,5 Colorado Center,,El Paso,79994,TX,US,1-(915)242-4720
741,Adam,Alvarez,87 Meadow Vale Street,93060,Norwalk,06854,CT,US,1-(203)151-6474
742,Terry,Rose,79932 Chinook Plaza,,Wichita,67205,KS,US,1-(316)948-6075
743,Melissa,Wood,22 Buell Junction,,Waterloo,50706,IA,US,1-(319)525-3479
744,Rose,Fernandez,0536 Grasskamp Avenue,,Washington,20226,DC,US,1-(202)754-3591
745,Karen,Garrett,60031 Mcbride Pass,,Grand Forks,58207,ND,US,1-(701)706-6692
746,Barbara,Austin,3 International Parkway,,Inglewood,90305,CA,US,1-(310)166-7212
747,Ashley,Wilson,08 Kennedy Crossing,3750,Roanoke,24014,VA,US,1-(540)215-2207
748,Jonathan,Andrews,001 Autumn Leaf Junction,67700,Garden Grove,92645,CA,US,1-(714)658-5987
749,Jessica,Payne,91 Forest Dale Street,,Clearwater,34629,FL,US,1-(727)552-2474
750,Kathleen,Watson,9388 Hauk Trail,,Mobile,36605,AL,US,1-(251)908-1792
751,Sara,Kennedy,10 Waubesa Way,85,Houston,77085,TX,US,1-(281)148-5306
752,Kimberly,Grant,8759 Sunfield Park,,Des Moines,50347,IA,US,1-(515)281-6743
753,Louis,Rose,45056 Rockefeller Drive,853,Fresno,93726,CA,US,1-(209)723-5972
754,Teresa,Burke,89226 Pepper Wood Alley,,Alexandria,22313,VA,US,1-(571)433-2052
755,Alice,Robertson,7042 Bultman Avenue,,Olympia,98506,WA,US,1-(360)779-7259
756,Debra,Bryant,4632 Hollow Ridge Center,,San Diego,92170,CA,US,1-(619)235-2272
757,Juan,Ross,1 Weeping Birch Crossing,84,Kansas City,64125,MO,US,1-(816)962-9411
758,Michael,Reed,6809 Lake View Trail,,Fort Myers,33994,FL,US,1-(239)860-8466
759,Juan,Morales,5014 Pine View Avenue,,Worcester,01610,MA,US,1-(508)721-3290
760,Helen,Castillo,410 Lakewood Gardens Court,,Seminole,34642,FL,US,1-(941)897-8653
761,Lisa,Bennett,7981 Prairieview Lane,841,Tulsa,74149,OK,US,1-(918)507-0209
762,Annie,Hunter,75 Elmside Drive,,Las Vegas,89140,NV,US,1-(702)890-2188
763,Margaret,Shaw,0 Raven Lane,,West Palm Beach,33411,FL,US,1-(561)803-8438
764,Sandra,Jenkins,3202 Myrtle Trail,,Memphis,38161,TN,US,1-(901)823-0563
765,Sandra,Campbell,3816 Mcbride Street,2923,Oklahoma City,73124,OK,US,1-(405)645-4939
766,Jack,Lawrence,75 Jenifer Alley,,Knoxville,37931,TN,US,1-(865)633-7161
767,Raymond,Peterson,19 Nancy Trail,,Seattle,98166,WA,US,1-(206)715-7881
768,Gregory,Welch,47181 Cottonwood Hill,,Long Beach,90840,CA,US,1-(562)601-4623
769,Antonio,Reid,2627 Oakridge Place,,Lake Charles,70607,LA,US,1-(337)475-7381
770,Mark,Turner,6940 Crowley Crossing,9,Boulder,80305,CO,US,1-(303)167-4977
771,Maria,Nichols,080 Manufacturers Point,,Richmond,23289,VA,US,1-(804)873-7768
772,Rachel,Adams,5698 Blackbird Trail,,Columbia,65218,MO,US,1-(573)302-9582
773,Jerry,Castillo,6 Kennedy Way,,Portland,97206,OR,US,1-(503)618-1207
774,William,Lewis,2 Springview Circle,4,Clearwater,34615,FL,US,1-(727)684-2353
775,Wanda,Young,0 Golf Course Alley,,Lincoln,68505,NE,US,1-(402)905-7353
776,Paul,Allen,8 Larry Lane,,Saint Petersburg,33705,FL,US,1-(813)821-4748
777,Carlos,Jacobs,89758 Sutherland Trail,,Naperville,60567,IL,US,1-(630)545-2358
778,Ruby,Ford,035 Nova Plaza,,Kansas City,64114,MO,US,1-(816)871-3560
779,Joshua,Day,6874 Becker Crossing,167,Peoria,61640,IL,US,1-(309)226-0975
780,Linda,Brooks,1 Melby Parkway,,Atlanta,31136,GA,US,1-(404)877-1343
781,Peter,Cooper,2096 Morning Junction,,Fresno,93773,CA,US,1-(559)945-9628
782,Kathryn,Romero,5667 Green Ridge Lane,,Huntsville,77343,TX,US,1-(936)756-5105
783,Jacqueline,Burton,091 Sachtjen Circle,,Washington,20337,DC,US,1-(202)335-9681
784,Judith,Harrison,2876 Maple Road,,Hollywood,33023,FL,US,1-(305)978-8636
785,Mildred,Griffin,952 Kingsford Crossing,,Charlotte,28230,NC,US,1-(704)492-0102
786,Deborah,Weaver,422 Clarendon Center,,Melbourne,32919,FL,US,1-(321)372-2836
787,Irene,Watson,2610 Logan Parkway,,Littleton,80161,CO,US,1-(303)102-4861
788,Diane,Ortiz,44 Blaine Junction,9,Raleigh,27658,NC,US,1-(919)699-5342
789,Adam,Williams,30 Bunting Park,,Washington,20244,DC,US,1-(202)473-3343
790,Jack,Butler,2 Center Way,574,Jacksonville,32244,FL,US,1-(904)362-2901
791,Catherine,Dean,93 Eliot Plaza,,Greensboro,27415,NC,US,1-(336)772-7418
792,Ashley,Alvarez,6 Warner Crossing,,Irving,75062,TX,US,1-(817)829-6887
793,Bobby,Burns,60544 Tennessee Drive,30818,Fayetteville,28305,NC,US,1-(910)247-2369
794,Theresa,Martinez,8 Mendota Court,05496,New Hyde Park,11044,NY,US,1-(516)654-4066
795,Diane,Hudson,91 Dennis Way,,Lexington,40581,KY,US,1-(859)344-1680
796,Kathryn,Franklin,474 Erie Crossing,51,Chicago,60674,IL,US,1-(312)753-6937
797,Alice,Wood,78 4th Hill,9,Miami,33175,FL,US,1-(305)863-0190
798,Kathleen,Fernandez,0608 Helena Park,,Birmingham,35244,AL,US,1-(205)857-6024
799,Adam,Hawkins,6 Havey Trail,,Pittsburgh,15215,PA,US,1-(412)367-3653
800,Shawn,Chapman,6466 Messerschmidt Road,,Salinas,93907,CA,US,1-(831)788-1633
801,Robin,King,5 Hudson Alley,,Sioux Falls,57110,SD,US,1-(605)659-4646
802,Benjamin,Banks,85 Glendale Circle,,Des Moines,50335,IA,US,1-(515)133-5663
803,Steve,Reyes,18104 Rusk Plaza,,Long Beach,90805,CA,US,1-(323)193-7714
804,Kenneth,Collins,04724 Buhler Alley,,Chesapeake,23324,VA,US,1-(757)735-3200
805,Ernest,Gonzales,7294 Fordem Center,,Phoenix,85053,AZ,US,1-(602)226-1092
806,Bruce,Rodriguez,34438 Bunting Way,,Fort Lauderdale,33325,FL,US,1-(954)887-0262
807,Bruce,Lewis,35999 Bunker Hill Park,,Chicago,60657,IL,US,1-(773)958-2684
808,Lois,Stephens,7 Nevada Drive,,Minneapolis,55446,MN,US,1-(612)221-5112
809,Evelyn,Weaver,56 Drewry Hill,,Houston,77080,TX,US,1-(832)176-1228
810,Peter,Coleman,76 Kropf Avenue,,Lynchburg,24503,VA,US,1-(434)293-6872
811,Ann,Mitchell,7 Springs Parkway,,San Diego,92176,CA,US,1-(619)732-8071
812,Larry,Lee,680 Heath Park,,Houston,77040,TX,US,1-(281)430-1628
813,Lisa,Lawson,9694 Pankratz Pass,,Amarillo,79159,TX,US,1-(806)500-6905
814,Virginia,Nguyen,527 Algoma Crossing,,Harrisburg,17126,PA,US,1-(717)321-4951
815,Martin,Davis,6 Packers Street,,Jeffersonville,47134,IN,US,1-(812)761-9168
816,Bruce,Campbell,04451 Daystar Hill,05340,Maple Plain,55572,MN,US,1-(763)638-7903
817,Denise,Jones,68169 Cody Point,,Washington,20268,DC,US,1-(202)854-2599
818,Mark,Russell,3 Columbus Court,,Jackson,38308,TN,US,1-(731)497-8853
819,Kathy,Wheeler,852 Derek Lane,00690,Ocala,34474,FL,US,1-(352)351-4986
820,Frances,Fisher,2 Saint Paul Alley,,Charleston,25305,WV,US,1-(304)975-1234
821,Stephanie,Fisher,3 Graedel Drive,,Houston,77090,TX,US,1-(713)474-1469
822,Arthur,Hayes,40392 Bultman Center,,Huntington,25726,WV,US,1-(304)518-0824
823,Stephanie,Lynch,072 Goodland Terrace,,Louisville,40298,KY,US,1-(502)142-3589
824,Brenda,Powell,2833 Hoepker Street,,El Paso,79977,TX,US,1-(915)327-5190
825,Ryan,Anderson,2815 Lillian Plaza,,Great Neck,11024,NY,US,1-(516)385-2561
826,Gloria,Lane,139 Rowland Point,2,Columbus,31904,GA,US,1-(706)320-7097
827,Ruth,Carr,377 Amoth Center,,Staten Island,10310,NY,US,1-(914)482-2334
828,Jose,Fernandez,16 Starling Plaza,,Kansas City,64160,MO,US,1-(816)120-0420
829,Terry,Freeman,216 Buell Pass,,Nashville,37220,TN,US,1-(615)380-0779
830,Phillip,Bailey,917 Rieder Junction,,Columbus,31998,GA,US,1-(706)542-8116
831,Helen,Perkins,5872 Fremont Court,,Silver Spring,20910,MD,US,1-(202)241-4082
832,Eric,Spencer,4682 Logan Way,08,Savannah,31410,GA,US,1-(912)542-1840
833,Mary,Reed,68 Meadow Vale Park,,Los Angeles,90005,CA,US,1-(562)880-9699
834,Benjamin,Williamson,7 Linden Terrace,40,Atlanta,30306,GA,US,1-(770)727-4005
835,Roger,Rose,625 Emmet Circle,,Gainesville,32605,FL,US,1-(352)314-9133
836,Ryan,Richards,4807 Sutherland Lane,,San Bernardino,92410,CA,US,1-(951)440-9220
837,Jacqueline,Gutierrez,6 Oak Valley Junction,0,Fresno,93773,CA,US,1-(559)558-0709
838,Craig,Hart,43 Monterey Point,,Mobile,36622,AL,US,1-(251)448-9525
839,Brenda,Thomas,51686 Sunfield Park,,Sacramento,94250,CA,US,1-(916)945-4668
840,Nicholas,Ross,9 Lakewood Gardens Crossing,,Portland,97229,OR,US,1-(503)818-3449
841,Maria,Sims,23 Forest Terrace,,New York City,10034,NY,US,1-(917)391-2580
842,Amy,Snyder,11 Goodland Pass,19447,Santa Monica,90410,CA,US,1-(310)170-4571
843,Lisa,Greene,90 Roxbury Hill,,Springfield,62764,IL,US,1-(217)670-8556
844,Kathleen,Smith,6 Onsgard Place,,Ridgely,21684,MD,US,1-(410)820-5788
845,Henry,Alvarez,1153 Forster Place,,Sioux Falls,57193,SD,US,1-(605)311-5245
846,Carol,Torres,42 Grim Place,,Apache Junction,85219,AZ,US,1-(480)449-8363
847,Ralph,Henderson,2841 Chive Center,9618,Los Angeles,90045,CA,US,1-(310)522-5803
848,Ann,Lewis,39 Annamark Way,,Omaha,68197,NE,US,1-(402)957-3529
849,Cheryl,Dean,03733 Stang Parkway,,Saint Louis,63143,MO,US,1-(314)912-0700
850,Eugene,Lynch,07688 Elka Trail,,West Palm Beach,33416,FL,US,1-(561)276-7790
851,Chris,King,4764 Valley Edge Drive,,Washington,20029,DC,US,1-(202)958-4892
852,Antonio,Gonzales,49 Grover Hill,,Saint Petersburg,33705,FL,US,1-(727)227-6265
853,Thomas,Rice,0 Hoffman Crossing,,Torrance,90505,CA,US,1-(310)346-5605
854,Samuel,Rogers,1 Florence Court,,Orlando,32835,FL,US,1-(407)429-4988
855,Julia,Pierce,67644 Meadow Ridge Crossing,,Tacoma,98481,WA,US,1-(253)208-3328
856,Rose,Day,47207 Esker Center,,Bozeman,59771,MT,US,1-(406)298-1282
857,Henry,Cole,291 Hoard Street,85,Jamaica,11431,NY,US,1-(212)247-9389
858,Ruby,Morgan,8949 Tennyson Place,702,Salt Lake City,84145,UT,US,1-(801)993-8062
859,Juan,Ryan,27 Mendota Point,,Minneapolis,55458,MN,US,1-(612)224-8323
860,Norma,Lewis,8 Mitchell Place,,Stockton,95219,CA,US,1-(209)360-1980
861,Roy,Rose,26325 Bunting Center,,New Orleans,70142,LA,US,1-(504)879-3986
862,Cynthia,Cole,1900 Jackson Place,27979,Portsmouth,03804,NH,US,1-(603)952-7981
863,Jack,Richards,3266 Tomscot Plaza,,Washington,20205,DC,US,1-(202)555-7586
864,Annie,Phillips,6 Farmco Junction,038,Ventura,93005,CA,US,1-(805)500-1767
865,Dennis,Evans,29 Bultman Park,,Orlando,32854,FL,US,1-(407)316-8552
866,Sarah,Stone,21791 Welch Lane,1,Los Angeles,90010,CA,US,1-(562)673-1045
867,Mark,Reyes,16 Northfield Pass,,Juneau,99812,AK,US,1-(907)569-5750
868,Judy,Fernandez,597 Hagan Pass,19903,Jackson,39210,MS,US,1-(601)260-1638
869,Emily,Kelly,0105 Grasskamp Parkway,,Dallas,75310,TX,US,1-(214)274-7919
870,Janet,Hill,76 Pennsylvania Junction,,Saint Paul,55114,MN,US,1-(651)373-4011
871,Steve,Adams,29538 Jay Parkway,,Wichita,67205,KS,US,1-(316)463-9462
872,Cheryl,Henderson,27 Golf View Crossing,,Tallahassee,32314,FL,US,1-(850)365-1714
873,Mary,Walker,08502 Summer Ridge Plaza,9,Ridgely,21684,MD,US,1-(410)256-2763
874,Phillip,Cruz,1 Leroy Pass,,Oklahoma City,73197,OK,US,1-(405)405-3331
875,Aaron,Henderson,4833 Dunning Pass,,Bonita Springs,34135,FL,US,1-(941)770-2622
876,Ryan,Montgomery,63 Bultman Lane,,White Plains,10633,NY,US,1-(845)306-3645
877,Billy,Robertson,625 Pond Junction,8063,Arlington,76016,TX,US,1-(972)340-6536
878,Anthony,Robertson,7500 Darwin Lane,,Columbia,29208,SC,US,1-(803)217-9655
879,Anna,Perry,01531 Springs Place,,Pittsburgh,15255,PA,US,1-(412)770-3215
880,Daniel,Brown,39087 Londonderry Alley,,Orlando,32868,FL,US,1-(407)965-3656
881,Carlos,Kennedy,54 Mcguire Alley,55,Albany,12227,NY,US,1-(518)738-7551
882,Harold,Gilbert,1 Myrtle Street,,New York City,10170,NY,US,1-(212)624-4133
883,Edward,Bell,08 Summit Court,,Richmond,23285,VA,US,1-(804)332-1580
884,Joseph,Bailey,1616 Cardinal Way,,Augusta,30911,GA,US,1-(706)738-6430
885,Karen,Sanchez,79058 Schlimgen Plaza,,Fort Pierce,34949,FL,US,1-(772)267-7525
886,Amanda,Stanley,1045 Carpenter Circle,,Cedar Rapids,52410,IA,US,1-(319)532-7399
887,Shawn,Rose,9 Delladonna Terrace,,Evansville,47712,IN,US,1-(812)643-3143
888,Mark,Fernandez,3 Dwight Way,,Cincinnati,45249,OH,US,1-(513)750-1542
889,Christine,Gordon,0292 7th Point,40588,New York City,10160,NY,US,1-(212)244-1090
890,Frances,Hawkins,2 Loomis Pass,,El Paso,79984,TX,US,1-(915)264-3901
891,Joyce,Moreno,7 Bluestem Road,,Baltimore,21216,MD,US,1-(410)317-3085
892,Robin,Anderson,0 Mallory Way,59,Philadelphia,19136,PA,US,1-(215)215-6520
893,Margaret,Cox,8270 Summit Avenue,96941,Cincinnati,45208,OH,US,1-(513)590-5933
894,Scott,Fernandez,1575 Prairieview Park,,Dallas,75236,TX,US,1-(469)796-1079
895,Betty,Matthews,57 Crownhardt Place,4,Lake Charles,70616,LA,US,1-(337)256-2471
896,Adam,Patterson,780 Manley Way,,Dallas,75379,TX,US,1-(214)746-9304
897,Dennis,Murray,50 Miller Alley,,Humble,77346,TX,US,1-(281)883-3250
898,Earl,Ray,579 Clove Place,,Shreveport,71161,LA,US,1-(318)349-2813
899,Ryan,Lewis,65 Waywood Alley,757,Minneapolis,55428,MN,US,1-(763)489-6729
900,Kimberly,Parker,5389 Northridge Circle,132,Jacksonville,32277,FL,US,1-(904)157-6758
901,Joe,Cole,8 Bonner Court,093,Toledo,43610,OH,US,1-(419)424-5927
902,Clarence,Jacobs,204 Oak Valley Plaza,,Appleton,54915,WI,US,1-(920)765-7418
903,Jack,Wells,8010 Cardinal Plaza,,Des Moines,50310,IA,US,1-(515)339-5422
904,Diana,Taylor,99732 Laurel Parkway,,South Lake Tahoe,96154,CA,US,1-(530)189-0386
905,Howard,Cox,84868 Everett Circle,,Kansas City,64179,MO,US,1-(816)274-7105
906,Craig,Cook,6333 Mayfield Park,,Bakersfield,93311,CA,US,1-(805)490-6511
907,Dorothy,Jenkins,08 Transport Street,,Burbank,91505,CA,US,1-(323)287-1384
908,Beverly,Alvarez,29 Novick Terrace,,Erie,16510,PA,US,1-(814)918-6312
909,Elizabeth,Thomas,9126 Continental Circle,,San Francisco,94154,CA,US,1-(415)942-1906
910,Melissa,Garza,58969 Shopko Junction,,Whittier,90610,CA,US,1-(562)975-7086
911,Nicole,Burns,61407 Utah Junction,088,Orlando,32868,FL,US,1-(407)314-4624
912,William,Cox,22 Algoma Court,01964,Abilene,79605,TX,US,1-(325)515-1487
913,Russell,Phillips,34 Kinsman Drive,,Kansas City,64125,MO,US,1-(816)931-0756
914,Roy,Mills,731 Hanson Place,,Topeka,66606,KS,US,1-(785)617-3072
915,Jennifer,Hicks,3715 Veith Alley,01,Oklahoma City,73142,OK,US,1-(405)313-2510
916,Margaret,Wheeler,7 Harbort Terrace,,Providence,02905,RI,US,1-(401)667-4067
917,Patrick,Sullivan,118 La Follette Drive,,Springfield,65898,MO,US,1-(417)230-5262
918,Julie,Walker,8 Transport Road,95,Punta Gorda,33982,FL,US,1-(941)470-3148
919,Heather,Fox,65539 Kipling Court,,Albuquerque,87105,NM,US,1-(505)921-1035
920,Paula,Arnold,412 Mariners Cove Alley,,Gadsden,35905,AL,US,1-(256)577-7905
921,Brian,Schmidt,3 Melody Alley,,Camden,08104,NJ,US,1-(856)282-1874
922,Terry,Burton,8 Florence Drive,,Baton Rouge,70805,LA,US,1-(225)721-3536
923,Ann,Watson,46402 Trailsway Drive,5085,Miami,33147,FL,US,1-(786)303-0672
924,Bonnie,Nelson,197 Summer Ridge Alley,,Sacramento,94263,CA,US,1-(916)198-1026
925,Stephen,Washington,9957 Mayer Parkway,145,Morgantown,26505,WV,US,1-(304)159-9180
926,Christine,Hicks,8 Dawn Place,,Oklahoma City,73109,OK,US,1-(405)247-1384
927,Angela,Chavez,0228 Hauk Alley,,Topeka,66629,KS,US,1-(785)792-4439
928,Jesse,Marshall,44 Gale Plaza,,Las Vegas,89193,NV,US,1-(702)393-7023
929,Stephanie,Wheeler,00942 Michigan Drive,391,Arlington,76016,TX,US,1-(713)951-8208
930,Ruth,Berry,04 Manitowish Point,,Tacoma,98405,WA,US,1-(253)785-8472
931,Patricia,Baker,378 Granby Circle,616,Detroit,48211,MI,US,1-(313)876-3289
932,Melissa,Patterson,6 Commercial Drive,322,Alexandria,22333,VA,US,1-(571)534-4339
933,Catherine,Nelson,7113 7th Plaza,,Washington,20005,DC,US,1-(202)207-6149
934,Sara,Harper,518 Oneill Drive,,Portland,97286,OR,US,1-(503)584-0098
935,Ronald,Hanson,21937 Debs Plaza,,Akron,44393,OH,US,1-(234)628-6919
936,Angela,Ryan,230 Hazelcrest Road,,Omaha,68164,NE,US,1-(402)729-7624
937,Paula,Cook,55728 Kedzie Avenue,,Salt Lake City,84110,UT,US,1-(801)415-5954
938,Harry,Lee,78845 Holy Cross Plaza,,Madison,53785,WI,US,1-(608)849-6070
939,Roger,Nguyen,60 Ronald Regan Park,,Lansing,48912,MI,US,1-(517)727-8721
940,Teresa,Bailey,0 Sauthoff Place,,Denver,80209,CO,US,1-(719)642-3545
941,Scott,Morales,00520 Veith Court,2,Fresno,93715,CA,US,1-(559)802-0687
942,Robin,Hanson,23 Rowland Plaza,,Erie,16550,PA,US,1-(814)389-8236
943,Theresa,Bailey,880 Pleasure Drive,,Amarillo,79116,TX,US,1-(806)467-4483
944,Jeffrey,Brooks,2241 Stoughton Center,,Tacoma,98411,WA,US,1-(253)822-6527
945,Henry,Ramirez,62 Oneill Point,,Erie,16510,PA,US,1-(814)848-8386
946,John,Martin,94590 Nelson Pass,,Atlanta,30351,GA,US,1-(404)441-1225
947,Janet,Coleman,1888 Westend Avenue,,Toledo,43605,OH,US,1-(419)238-4084
948,Nicole,Ellis,4 Warner Terrace,51,North Las Vegas,89036,NV,US,1-(702)983-2349
949,Diane,Hanson,766 Tennyson Place,,Herndon,22070,VA,US,1-(757)382-9957
950,Joe,Garcia,6 Mccormick Terrace,,Dallas,75358,TX,US,1-(214)951-1019
951,Juan,Harper,0 Myrtle Junction,,New York City,10260,NY,US,1-(212)773-7408
952,Keith,Hunt,0496 Onsgard Parkway,,San Francisco,94121,CA,US,1-(858)212-3547
953,Raymond,Myers,625 Cordelia Place,,Oklahoma City,73119,OK,US,1-(405)721-9817
954,Margaret,Griffin,816 Chinook Parkway,,Aurora,80044,CO,US,1-(303)914-1750
955,Carolyn,Davis,8 Fairfield Terrace,,Phoenix,85015,AZ,US,1-(480)792-4263
956,Stephen,Rodriguez,1 Riverside Pass,,Indianapolis,46226,IN,US,1-(317)578-6588
957,Joseph,Medina,5 Eggendart Road,7103,Tucson,85715,AZ,US,1-(520)603-6104
958,Barbara,Reed,7073 Monterey Place,,Sacramento,94291,CA,US,1-(916)466-8984
959,Jimmy,Fields,58 David Street,52200,Macon,31217,GA,US,1-(478)794-0134
960,Pamela,Murphy,87 Northview Drive,30567,Little Rock,72215,AR,US,1-(501)265-5839
961,Wayne,Foster,5278 6th Way,,Tucson,85705,AZ,US,1-(520)763-5428
962,Anne,Kelley,23040 Stoughton Terrace,,El Paso,79923,TX,US,1-(915)622-0408
963,Mary,Wood,79 Doe Crossing Hill,,Richmond,23272,VA,US,1-(804)869-2300
964,Donna,Porter,04 Bay Trail,835,Boston,02109,MA,US,1-(617)836-8389
965,Ashley,Franklin,20771 Bartelt Park,,Jacksonville,32215,FL,US,1-(904)731-9789
966,Janice,Richards,6 Briar Crest Park,40949,Katy,77493,TX,US,1-(832)725-0091
967,Jimmy,Riley,527 Amoth Circle,,Athens,30605,GA,US,1-(706)495-1751
968,Rachel,Butler,57 Del Mar Place,,Kansas City,66160,KS,US,1-(913)399-1317
969,Kathryn,Richardson,005 Eliot Trail,,Albany,12237,NY,US,1-(518)783-8125
970,Walter,Nelson,33 Memorial Lane,,Charlotte,28220,NC,US,1-(704)996-3148
971,Frances,Wells,0 Milwaukee Parkway,63,Mobile,36610,AL,US,1-(251)141-7220
972,Thomas,Tucker,24 Leroy Avenue,,Dayton,45408,OH,US,1-(937)322-7059
973,Catherine,Johnson,03773 Portage Road,822,Anderson,46015,IN,US,1-(765)722-5106
974,Kenneth,Weaver,97 Barby Place,74210,Jersey City,07310,NJ,US,1-(908)893-4277
975,Chris,Ellis,6 Karstens Avenue,,Trenton,08638,NJ,US,1-(609)659-1268
976,Lawrence,Jones,50 Burning Wood Park,,San Francisco,94159,CA,US,1-(415)192-8938
977,Bobby,Patterson,82 Brickson Park Hill,,Young America,55564,MN,US,1-(952)754-3056
978,Bobby,Nichols,769 Columbus Avenue,,New York City,10175,NY,US,1-(646)456-2725
979,Harry,Rice,956 Maryland Trail,,Meridian,39305,MS,US,1-(601)557-4387
980,Pamela,Ellis,442 Namekagon Trail,,San Francisco,94164,CA,US,1-(415)369-5606
981,William,Gomez,3 Jenna Park,,Reno,89550,NV,US,1-(775)556-8980
982,Jacqueline,Gray,25336 Cottonwood Pass,,Peoria,61635,IL,US,1-(309)602-8598
983,Angela,Barnes,807 Blackbird Plaza,,Charleston,25326,WV,US,1-(304)904-7415
984,Catherine,Hernandez,67023 Algoma Court,973,Topeka,66617,KS,US,1-(785)678-8844
985,Bruce,Morrison,52 Pepper Wood Lane,708,South Bend,46634,IN,US,1-(574)741-4655
986,Henry,Dean,810 Norway Maple Place,,Wichita Falls,76310,TX,US,1-(940)881-7311
987,Craig,Mitchell,02502 Buena Vista Avenue,,Carol Stream,60158,IL,US,1-(309)799-0601
988,Joan,Lawrence,606 Mifflin Pass,,Tacoma,98424,WA,US,1-(253)955-1569
989,Marilyn,James,3 Loeprich Pass,4,Albuquerque,87201,NM,US,1-(505)111-2228
990,Lillian,Hicks,4608 Porter Place,,Milwaukee,53263,WI,US,1-(414)506-2189
991,Rachel,Fisher,411 Aberg Park,7,San Antonio,78205,TX,US,1-(210)381-2735
992,Raymond,Gonzales,6 Hauk Plaza,,Spartanburg,29319,SC,US,1-(864)994-3795
993,Gloria,Welch,5592 Mallard Plaza,28969,Philadelphia,19120,PA,US,1-(610)676-1033
994,Ralph,King,490 Brentwood Hill,,Tallahassee,32304,FL,US,1-(850)772-9962
995,Doris,Lee,24158 Marquette Crossing,,Peoria,61605,IL,US,1-(309)237-7492
996,Jonathan,Burns,771 Michigan Junction,,Charlotte,28256,NC,US,1-(704)907-7116
997,Jesse,Greene,2400 Gina Trail,94,North Port,34290,FL,US,1-(941)792-9580
998,Marilyn,Clark,61371 Lukken Lane,42897,Dayton,45490,OH,US,1-(937)643-5512
999,Harold,Henderson,48307 Dakota Parkway,,Los Angeles,90076,CA,US,1-(323)324-0581
1000,Robin,Powell,1344 Novick Crossing,,Carson City,89706,NV,US,1-(775)443-6311
1001,Mark,Cushman,1234 Cushman Street,,Atlanta,30001,GA,US,1-(678)555-5555
1002,James,Cushman,1234 Cushman Road,,Caribou,04736,ME,US,1-(207)555-5555
